Team,Wins,Losses,WL%,TEAM Total Points,TEAM Red Zone Scores,TEAM Red Zone Attempts,TEAM Scoring Points/Game,TEAM PAT Kicking Attempts,TEAM PAT Kicking Made,OPP Scoring Points/Game,TEAM Total Offense Yards,TEAM First Downs Total,Turnover margin,TEAM Total Offense Plays,TEAM Passing Rating,TEAM Rushing TD,OPP Passing Rating,OPP Total Points,OPP Total Offense Yards / Play,TEAM 3rd Down Conversions,OPP Passing Attempts,TEAM Total Offense Yards / Play,OPP Passing Interceptions,TEAM Interceptions Returns,OPP Passing Yards per Attempt,OPP 3rd Down Conversions Attempts,TEAM 3rd Down Conversion %,OPP Rushing TD,TEAM First Downs Rushing,OPP Red Zone Scores,TEAM Rushing Yards,OPP 4th Down Conversions Attempts,OPP Rushing Yards / Attempt,TEAM Passing Yards per Attempt,OPP Punting Yards,OPP Punting Punts,TEAM Rushing Attempts,TEAM Passing TD,OPP Red Zone Success %,OPP Fumbles Number,OPP Rushing Yards,OPP Red Zone Attempts,OPP Total Offense Plays,TEAM Rushing Yards / Attempt,TEAM 4th Down Conversion %,OPP 3rd Down Conversion %,TEAM First Downs Passing,TEAM Passing Yards,OPP Passing Completions,OPP Fumbles Lost,TEAM Passing Interceptions,OPP Interceptions Returns,TEAM Field Goals Attempts,TEAM Punt Returns Returns,TEAM Field Goals Made,OPP Passing TD,TEAM Punting Punts,OPP 4th Down Conversion %,TEAM Punting Yards,OPP Punt Returns Returns,TEAM Interceptions Yards,OPP First Downs Rushing,TEAM 3rd Down Conversions Attempts,TEAM Red Zone Success %,OPP 4th Down Conversions,TEAM Punt Returns Yards,TEAM Time of Possession,TEAM Passing Completions,TEAM Kickoff Returns Returns,OPP Total Offense Yards,OPP Time of Possession,OPP Punt Returns Yards,TEAM Interceptions TD,OPP Kickoff Returns Returns,OPP Penalties Number,OPP Kickoff Returns Yards / Return,OPP Interceptions TD,TEAM Kickoff Returns Yards,OPP Kickoff Returns Yards,TEAM Passing Attempts,OPP Interceptions Yards,TEAM 4th Down Conversions,TEAM Fumbles Number,TEAM Fumbles Lost,OPP First Downs By Penalty,TEAM Penalties Yards,OPP First Downs Total,OPP Punting Yards / Punt,OPP First Downs Passing,TEAM 4th Down Conversions Attempts,TEAM Punt Returns Yards / Return,TEAM Penalties Number,TEAM PAT Kicking Success %,TEAM Kickoff Returns TD,OPP Penalties Yards,OPP Field Goals Made,TEAM Field Goals Success %,OPP Passing Yards,OPP PAT Kicking Success %,OPP Field Goals Attempts,TEAM First Downs By Penalty,TEAM Kickoff Returns Yards / Return,OPP Kickoff Returns TD,OPP Field Goals Success %,TEAM Punting Yards / Punt,OPP 3rd Down Conversions,OPP Punt Returns TD,TEAM Punt Returns TD,OPP Rushing Attempts,OPP Punt Returns Yards / Return
Army,12,2,0.8571428571428571,435,50,55,31.1,55,55,15.5,5335,292,11,886,152.26,48,121.5,217,5.33,82,402,6.02,18,18,6.475124378109452,162,0.4852,12,230,24,4207,40,4.12,9.245901639344263,1590,38,764,10,0.6,13,1568,40,783,5.51,0.775,0.41359999999999997,44,1128,253,2,4,4,12,9,10,16,25,0.425,1000,10,170,98,169,0.9091,17,38,2079.36,66,14,4171,1461.29,44,0,39,64,21.13,0,154,824,122,25,31,14,5,13,441,229,41.84,118,40,4.22,45,1.0,0,567,7,0.833,2603,1.0,11,18,11.0,0,0.636,40.0,67,0,0,381,4.4
Charlotte,5,7,0.4166666666666667,284,28,31,23.7,30,30,35.1,4094,206,-9,743,121.16,16,137.04,421,6.29,47,343,5.51,10,10,7.795918367346939,153,0.3072,29,77,42,1405,24,5.23,7.61756373937677,1663,40,390,16,0.75,9,2524,56,826,3.6,0.4167,0.4183,104,2689,206,2,14,14,16,14,16,18,55,0.5417000000000001,2348,10,94,138,153,0.9031999999999999,13,48,1717.25,177,39,5198,1882.08,84,1,15,79,27.67,5,834,415,353,234,10,15,7,29,784,277,41.58,110,24,3.43,93,1.0,0,682,15,1.0,2674,0.9620000000000001,23,25,21.38,1,0.652,42.69,64,0,0,483,8.4
East Carolina,8,5,0.6153846153846154,416,37,49,32.0,46,42,27.3,5673,286,-8,899,136.94,23,132.51,355,5.44,83,425,6.31,14,14,7.197647058823529,203,0.4511,21,113,35,2241,35,4.07,8.018691588785046,2535,60,471,26,0.7447,15,2208,47,968,4.76,0.5556,0.39409999999999995,151,3432,255,8,23,23,21,24,16,24,52,0.4571,2123,12,204,112,184,0.7551000000000001,16,153,1520.31,258,31,5267,2079.77,77,3,39,90,19.56,2,705,763,428,292,10,21,7,28,827,275,42.25,135,18,6.38,99,0.9129999999999999,1,791,9,0.762,3059,0.978,15,22,22.74,0,0.6,40.83,80,0,0,543,6.42
Florida Atlantic,3,9,0.25,311,30,42,25.9,39,39,30.3,4771,234,0,808,125.55,24,134.01,363,6.04,55,378,5.9,11,11,7.402116402116402,162,0.3481,18,102,35,2268,23,4.89,7.151428571428571,1949,44,458,14,0.7955,14,2202,44,828,4.95,0.4706,0.3704,112,2503,211,7,11,11,18,14,10,25,49,0.6522,2110,21,256,112,158,0.7143,15,71,1822.58,205,21,5000,1775.75,106,1,11,72,25.18,0,391,277,350,83,16,12,7,23,619,252,44.3,117,34,5.07,79,1.0,0,630,18,0.556,2798,1.0,25,20,18.62,0,0.72,43.06,60,0,0,450,5.05
Memphis,11,2,0.8461538461538461,464,54,61,35.7,53,51,23.8,5779,300,18,927,141.09,33,129.19,310,5.83,82,457,6.23,11,11,7.326039387308534,177,0.4607,21,122,35,2263,28,3.96,7.340292275574113,2352,56,448,25,0.875,26,1453,40,824,5.05,0.5217,0.38420000000000004,150,3516,275,15,6,6,26,14,17,17,47,0.6071,2043,9,138,71,178,0.8852,17,173,1993.85,310,13,4801,1606.0,54,0,5,77,17.8,1,225,89,479,91,12,7,2,22,624,225,42.0,132,23,12.36,69,0.9620000000000001,0,602,13,0.654,3348,1.0,15,28,17.31,0,0.867,43.47,68,0,0,367,6.0
Navy,10,3,0.7692307692307693,407,37,42,31.3,54,50,22.2,4827,221,10,771,151.77,38,123.73,288,5.38,62,405,6.26,17,17,6.832098765432098,189,0.3851,17,148,30,3218,37,4.17,8.988826815642458,2019,49,592,15,0.6977,20,2029,43,892,5.44,0.625,0.418,62,1609,240,7,6,6,9,14,5,19,57,0.4865,2606,29,329,116,161,0.8809999999999999,18,65,1806.23,99,22,4796,1793.38,248,3,44,78,18.2,0,454,801,179,25,15,19,8,21,585,256,41.2,119,24,4.64,66,0.9259999999999999,0,638,10,0.556,2767,0.968,15,11,20.64,0,0.667,45.72,79,0,0,487,8.55
North Texas,6,7,0.46153846153846156,436,42,56,33.5,55,55,34.2,6355,309,-6,946,140.99,24,141.76,444,6.17,66,426,6.72,11,11,8.075117370892018,196,0.36869999999999997,28,87,49,2088,29,4.68,7.592526690391459,2270,56,384,33,0.875,7,2547,56,970,5.44,0.47729999999999995,0.4031,188,4267,261,5,14,14,16,16,11,23,47,0.4483,1928,6,146,132,179,0.75,13,154,1607.0,353,28,5987,1992.38,8,0,20,91,16.0,2,601,320,562,236,21,14,8,24,773,299,40.54,143,44,9.63,91,1.0,0,830,23,0.688,3440,0.9790000000000001,26,34,21.46,1,0.885,41.02,79,0,1,544,1.33
Rice,4,8,0.3333333333333333,266,27,41,22.2,29,28,25.4,4235,220,-10,779,117.99,14,122.66,305,5.04,58,325,5.44,8,8,6.418461538461538,176,0.3515,17,74,26,1367,19,4.09,6.0,2833,68,301,17,0.8667,14,1927,30,796,4.54,0.35,0.3807,125,2868,180,4,13,13,19,29,12,18,63,0.5263,2529,13,72,109,165,0.6585,10,223,1721.5,293,27,4013,1878.33,113,1,10,74,26.5,2,708,265,478,186,7,19,9,19,689,214,41.66,86,20,7.69,85,0.966,1,708,11,0.632,2086,0.973,15,21,26.22,0,0.733,40.14,67,1,0,471,8.69
South Florida,7,6,0.5384615384615384,418,44,51,32.2,50,49,29.8,5300,265,7,935,122.62,34,134.45,387,5.79,77,471,5.67,12,12,7.694267515923567,194,0.39490000000000003,25,106,40,2343,30,4.03,6.6749435665914225,2939,67,492,16,0.7843000000000001,22,2056,51,981,4.76,0.5556,0.3454,130,2957,277,13,10,10,21,28,15,23,70,0.5,3178,13,132,110,195,0.8626999999999999,15,300,1507.62,262,20,5680,2091.85,58,1,31,110,23.71,0,445,735,443,142,15,15,8,35,922,295,43.87,150,27,10.71,105,0.98,1,951,13,0.7140000000000001,3624,1.0,19,29,22.25,0,0.684,45.4,67,0,0,510,4.46
Temple,3,9,0.25,235,24,33,19.6,21,21,35.4,3705,187,-10,797,117.9,10,131.29,425,6.09,59,333,4.65,9,9,6.906906906906907,164,0.3207,30,55,40,1113,21,5.54,6.306569343065694,2489,62,386,16,0.8511,13,2713,47,823,2.88,0.4167,0.36590000000000006,116,2592,196,6,14,14,22,13,16,20,75,0.4286,3035,10,79,120,184,0.7273000000000001,9,79,1812.0,242,36,5013,1785.75,57,0,12,65,25.0,2,673,300,411,136,10,17,11,19,541,240,40.15,101,24,6.08,67,1.0,0,565,12,0.727,2300,0.98,16,16,18.69,1,0.75,40.47,60,0,1,490,5.7
Tulane,9,5,0.6428571428571429,491,56,65,35.1,62,58,20.6,5670,291,7,896,157.37,32,113.59,289,5.27,86,404,6.33,14,14,6.158415841584159,176,0.5029,20,147,37,2739,29,4.48,8.908814589665653,2489,60,567,25,0.8409,17,2041,44,860,4.83,0.4545,0.3295,119,2931,235,8,9,9,18,12,13,13,42,0.4138,1796,9,245,102,171,0.8615,12,61,1933.21,207,29,4529,1666.79,84,5,23,80,20.48,0,696,471,329,28,10,13,6,27,701,244,41.48,115,22,5.08,86,0.935,2,653,18,0.722,2488,1.0,20,25,24.0,0,0.9,42.76,58,0,0,456,9.33
Tulsa,3,9,0.25,300,27,38,25.0,35,34,42.5,4676,247,-6,889,123.38,11,173.47,510,7.07,72,396,5.26,9,9,9.575757575757576,160,0.36729999999999996,27,91,38,1813,20,4.85,6.536529680365297,2245,55,451,23,0.9048,15,2169,42,843,4.02,0.3226,0.4313,122,2863,261,7,12,12,15,21,10,38,71,0.5,3026,25,66,99,196,0.7105,10,189,1783.67,248,25,5961,1814.67,412,1,25,97,18.12,1,711,453,438,136,10,18,10,13,612,266,40.82,154,31,9.0,71,0.971,1,963,7,0.667,3792,0.97,13,34,28.44,0,0.5379999999999999,42.62,69,2,1,447,16.48
UAB,3,9,0.25,314,35,44,26.2,31,31,34.3,4710,260,-12,837,133.39,9,125.53,411,5.73,63,318,5.63,8,8,6.80503144654088,157,0.3795,31,100,48,1571,18,5.06,7.038116591928251,2322,53,391,24,0.8571,12,2555,56,823,4.02,0.46149999999999997,0.414,137,3139,174,5,16,16,24,16,21,18,42,0.5556,1801,20,181,141,166,0.7955,10,329,1769.83,284,30,4719,1829.58,169,1,24,76,22.88,2,651,549,446,213,12,21,9,32,886,263,43.81,90,26,20.56,98,1.0,0,715,16,0.875,2164,0.9570000000000001,20,23,21.7,1,0.8,42.88,65,0,2,505,8.45
UTSA,7,6,0.5384615384615384,431,50,57,33.2,48,47,30.1,5865,280,1,999,135.5,21,144.88,391,5.56,88,416,5.87,11,11,8.307692307692308,183,0.40740000000000004,19,98,34,2180,33,3.08,7.239685658153242,2975,69,490,27,0.7726999999999999,21,1421,44,877,4.45,0.35710000000000003,0.3115,158,3685,242,11,13,13,32,19,24,28,56,0.3333,2250,15,25,78,216,0.8772,11,88,1861.85,317,15,4877,1737.54,31,0,17,88,18.29,1,492,311,509,247,10,13,8,42,1054,244,43.12,124,28,4.63,113,0.9790000000000001,2,725,15,0.75,3456,0.9520000000000001,18,24,32.8,0,0.833,40.18,57,0,0,461,2.07
Boston College,7,6,0.5384615384615384,366,37,52,28.2,49,47,23.8,4750,251,9,859,148.45,24,127.32,309,5.49,78,441,5.53,17,17,7.244897959183674,176,0.4407,16,115,43,2159,29,3.62,7.851515151515152,2151,49,529,24,0.86,17,1494,50,854,4.08,0.44439999999999996,0.3636,112,2591,271,8,7,7,5,23,3,17,51,0.4828,1864,9,310,86,177,0.7115,14,153,1903.46,207,18,4689,1696.54,37,3,30,83,19.57,0,296,587,330,72,16,22,9,20,560,259,43.9,153,36,6.65,58,0.9590000000000001,0,725,21,0.6,3195,0.968,25,24,16.44,1,0.84,36.55,64,0,0,413,4.11
California,6,7,0.46153846153846156,326,39,47,25.1,29,29,22.3,4942,272,11,908,134.32,17,117.8,290,4.99,72,442,5.44,17,17,6.6945701357466065,186,0.37310000000000004,19,92,28,1580,38,3.27,7.245689655172414,2826,64,444,16,0.8234999999999999,14,1428,34,879,3.56,0.44439999999999996,0.3333,155,3362,250,5,7,7,37,19,25,17,57,0.6315999999999999,2579,19,111,74,193,0.8298000000000001,24,101,1829.69,302,16,4387,1764.85,179,1,14,86,19.0,0,351,266,464,108,12,12,4,24,776,238,44.16,140,27,5.32,96,1.0,1,784,10,0.6759999999999999,2959,0.971,16,25,21.94,0,0.625,45.25,62,0,0,437,9.42
Clemson,10,4,0.7142857142857143,486,45,52,34.7,62,60,23.4,6326,337,16,1006,143.83,23,118.78,328,5.55,87,467,6.29,16,16,6.400428265524625,195,0.43939999999999996,18,139,38,2427,19,4.71,7.315196998123827,3199,73,473,37,0.8085,22,2249,47,944,5.13,0.5714,0.3641,170,3899,263,10,7,7,25,20,18,22,61,0.4211,2473,20,137,118,198,0.8654000000000001,8,170,1830.36,331,17,5238,1769.64,86,2,15,86,19.87,0,320,298,533,52,12,16,3,36,667,287,43.82,133,21,8.5,69,0.968,0,772,14,0.72,2989,1.0,20,28,18.82,0,0.7,40.54,71,0,0,477,4.3
Duke,9,4,0.6923076923076923,342,35,41,26.3,37,35,24.5,4378,229,8,848,131.31,13,121.66,318,5.01,52,424,5.16,13,13,6.544811320754717,201,0.2955,15,60,36,1202,23,3.75,6.80085653104925,3025,70,381,28,0.8181999999999999,24,1945,44,943,3.15,0.36840000000000006,0.3383,141,3176,246,14,13,13,20,27,15,19,77,0.6087,3331,21,211,113,176,0.8537,14,241,1643.69,280,22,4720,1941.38,94,1,35,87,22.31,2,532,781,467,174,7,11,6,29,651,264,43.21,122,19,8.93,67,0.946,1,755,19,0.75,2775,1.0,26,28,24.18,1,0.731,43.26,68,0,0,519,4.48
Florida State,2,10,0.16666666666666666,185,23,27,15.4,15,15,28.0,3243,182,-16,733,104.54,8,138.56,336,5.77,46,326,4.42,4,4,7.4079754601226995,171,0.2875,21,64,41,1079,17,4.65,6.095774647887324,1986,46,378,11,0.8039000000000001,9,2216,51,803,2.85,0.625,0.44439999999999996,103,2164,204,2,13,13,15,15,14,16,57,0.6470999999999999,2771,28,69,116,160,0.8519,11,23,1631.33,179,25,4631,1968.67,164,0,7,57,25.43,3,541,178,355,334,20,22,9,25,575,251,43.17,110,32,1.53,67,1.0,1,526,19,0.9329999999999999,2415,1.0,30,15,21.64,0,0.633,48.61,76,0,0,477,5.86
Georgia Tech,7,6,0.5384615384615384,370,47,53,28.5,45,45,25.6,5519,281,1,903,138.47,29,140.45,333,5.63,69,401,6.11,5,5,7.1546134663341645,161,0.4083,15,126,34,2431,29,4.07,7.495145631067961,2316,52,491,17,0.8718,9,1588,39,791,4.95,0.5714,0.3354,138,3088,253,6,7,7,22,20,15,24,49,0.6207,2119,25,88,91,169,0.8868,18,151,1850.46,269,21,4457,1719.62,216,0,18,56,20.78,1,373,374,412,115,16,14,3,22,563,238,44.54,125,28,7.55,70,1.0,0,524,10,0.682,2869,1.0,18,17,17.76,0,0.556,43.24,54,1,0,390,8.64
Louisville,9,4,0.6923076923076923,474,45,55,36.5,60,60,24.1,5840,276,6,853,148.29,28,137.46,313,5.41,62,422,6.85,10,10,7.274881516587678,187,0.4,15,110,29,2407,32,3.71,8.039812646370024,2574,65,426,26,0.8286,11,1723,35,886,5.65,0.40909999999999996,0.3583,146,3433,263,7,6,6,25,34,18,24,41,0.6563,1653,11,62,105,155,0.8181999999999999,21,191,1790.15,271,32,4793,1808.08,58,1,27,61,17.74,0,648,479,427,56,9,8,5,20,642,250,39.6,125,22,5.62,81,1.0,1,576,10,0.72,3070,0.9740000000000001,16,20,20.25,0,0.625,40.32,67,0,0,464,5.27
Miami (Florida),10,3,0.7692307692307693,571,60,65,43.9,66,66,25.3,6983,351,2,922,169.25,30,124.69,329,5.27,90,416,7.57,14,14,6.699519230769231,164,0.5625,16,134,33,2456,28,3.75,9.257668711656441,2556,57,433,41,0.825,12,1466,40,807,5.67,0.65,0.36590000000000006,194,4527,240,4,8,8,20,17,19,22,25,0.5714,1063,9,220,79,160,0.9231,16,128,1962.92,328,25,4253,1637.08,74,1,25,66,24.96,1,559,624,489,154,13,12,8,33,878,239,44.84,127,20,7.53,86,1.0,0,514,12,0.95,2787,0.976,14,23,22.36,2,0.857,42.52,60,0,0,391,8.22
North Carolina,6,7,0.46153846153846156,402,40,45,30.9,47,46,28.1,5287,273,-2,888,131.73,26,136.04,365,5.63,66,374,5.95,9,9,7.866310160427807,174,0.375,21,125,47,2370,19,3.94,7.441326530612245,2627,62,496,18,0.9216,17,1943,51,867,4.78,0.4815,0.36210000000000003,122,2917,217,6,9,9,22,13,16,19,53,0.5263,2097,19,210,115,176,0.8889,10,187,1779.08,230,33,4885,1820.92,147,3,16,87,20.06,2,865,321,392,231,13,13,8,27,832,253,42.37,111,27,14.38,98,0.9790000000000001,2,772,21,0.727,2942,0.9740000000000001,26,26,26.21,0,0.8079999999999999,39.57,63,1,2,493,7.74
North Carolina State,6,7,0.46153846153846156,371,46,54,28.5,43,42,29.7,4911,262,-3,812,141.26,21,131.24,386,6.0,58,426,6.05,10,10,7.136150234741784,172,0.37420000000000003,25,95,40,1887,22,4.85,7.734015345268542,2018,48,421,21,0.8,18,2041,50,847,4.48,0.55,0.3779,137,3024,261,10,13,13,26,10,19,19,48,0.5455,2068,11,166,100,155,0.8519,12,82,1904.69,255,22,5081,1695.31,113,2,10,80,21.8,2,581,218,391,337,11,19,10,20,621,253,42.04,133,20,8.2,66,0.977,0,717,21,0.731,3040,0.978,27,30,26.41,0,0.778,43.08,65,0,0,421,10.27
Pittsburgh,7,6,0.5384615384615384,428,43,48,32.9,45,45,28.4,5313,301,-2,921,131.44,16,129.59,369,5.15,67,478,5.77,13,13,7.2175732217573225,197,0.3829,18,102,34,1843,34,3.08,6.94,2670,64,421,29,0.7907,12,1466,43,954,4.38,0.5238,0.34009999999999996,158,3470,283,5,16,16,24,25,21,22,58,0.6175999999999999,2534,26,191,89,175,0.8957999999999999,21,225,1584.85,302,35,4916,2014.85,121,4,16,103,23.25,4,713,372,500,364,11,21,4,21,798,265,41.72,155,21,9.0,92,1.0,0,977,17,0.875,3450,0.976,20,41,20.37,0,0.85,43.69,67,0,2,476,4.65
SMU,11,3,0.7857142857142857,511,50,60,36.5,55,55,22.1,6013,319,-2,978,150.08,29,119.58,309,4.67,82,494,6.15,16,16,6.398785425101215,206,0.4457,13,133,33,2347,41,2.9,8.408256880733944,2961,71,542,28,0.7674,23,1403,43,977,4.33,0.5263,0.3301,159,3666,278,6,12,12,33,26,24,24,45,0.4146,1947,15,307,85,184,0.8332999999999999,17,237,1707.79,278,23,4564,1887.14,165,2,35,92,16.83,2,477,589,436,131,10,24,12,35,1088,260,41.7,140,19,9.12,114,1.0,0,817,11,0.727,3161,0.971,18,27,20.74,0,0.611,43.27,68,0,1,483,11.0
Stanford,3,9,0.25,274,32,41,22.8,32,32,33.7,3887,223,-5,807,119.51,11,158.32,404,6.4,56,398,4.82,9,9,8.459798994974875,146,0.3457,21,89,43,1592,16,4.23,6.202702702702703,1738,40,437,18,0.86,17,1602,50,777,3.64,0.561,0.45890000000000003,112,2295,263,8,17,17,17,16,14,31,45,0.5625,1900,19,168,87,162,0.7805,9,166,1897.58,224,14,4969,1698.0,159,1,30,81,22.2,0,245,666,370,64,23,22,5,18,588,254,43.45,149,41,10.38,65,1.0,0,742,13,0.8240000000000001,3367,0.98,17,22,17.5,0,0.765,42.22,67,0,1,379,8.37
Syracuse,10,3,0.7692307692307693,443,53,62,34.1,53,52,29.2,6079,338,1,1000,148.03,22,139.72,379,6.18,94,405,6.08,11,11,7.296296296296297,152,0.48960000000000004,19,84,40,1269,15,5.02,8.043478260869565,2206,52,402,34,0.8511,13,1953,47,794,3.16,0.6667000000000001,0.38159999999999994,231,4810,267,5,12,12,22,16,13,22,36,0.6667000000000001,1509,15,102,93,192,0.8548,10,166,1983.54,393,20,4908,1605.23,130,1,16,66,21.38,4,402,342,598,218,20,12,3,28,769,255,42.42,134,30,10.38,92,0.981,0,606,16,0.591,2955,1.0,22,23,20.1,0,0.727,41.92,58,2,0,389,8.67
Virginia,5,7,0.4166666666666667,272,35,44,22.7,24,24,28.8,4331,234,-4,833,125.11,14,141.89,345,6.02,62,392,5.2,9,9,8.053571428571429,166,0.3425,20,99,46,1583,24,4.13,6.85286783042394,2022,46,432,16,0.8845999999999999,14,1743,52,814,3.66,0.5172,0.38549999999999995,116,2748,243,6,14,14,21,19,18,20,58,0.625,2543,20,80,98,181,0.7955,15,120,1793.83,246,19,4900,1806.08,99,0,19,85,13.53,1,324,257,401,229,15,14,5,17,544,238,43.96,123,29,6.32,62,1.0,0,729,20,0.857,3157,1.0,27,19,17.05,0,0.741,43.84,64,0,0,422,4.95
Virginia Tech,6,7,0.46153846153846156,366,37,46,28.2,42,42,22.8,4781,241,8,831,129.3,28,122.7,297,5.31,65,400,5.75,15,15,7.0175,188,0.3652,17,115,35,2319,25,3.92,7.262536873156342,2751,64,492,15,0.7143,23,1912,49,888,4.71,0.381,0.3936,101,2462,219,10,9,9,19,28,16,20,61,0.44,2678,22,206,107,178,0.8043,11,282,1752.46,200,22,4719,1848.23,142,0,20,78,18.9,0,445,378,339,87,8,22,8,19,635,246,42.98,120,21,10.07,74,1.0,0,706,12,0.8420000000000001,2807,0.971,19,25,20.23,0,0.632,43.9,74,0,1,488,6.45
Wake Forest,4,8,0.3333333333333333,308,40,48,25.7,36,36,32.5,4448,261,-4,848,128.74,18,143.72,390,6.01,67,455,5.25,11,11,7.327472527472527,155,0.39409999999999995,20,93,45,1567,14,4.56,7.131188118811881,1967,48,444,17,0.9375,16,1886,48,869,3.53,0.64,0.43229999999999996,136,2881,320,6,13,13,20,14,16,23,52,0.7143,2236,10,70,121,170,0.8332999999999999,10,238,1731.17,248,18,5220,1868.83,63,0,14,74,24.36,2,377,341,404,140,16,11,8,14,551,305,40.98,170,25,17.0,61,1.0,1,702,21,0.8,3334,0.977,24,32,20.94,0,0.875,43.0,67,0,1,414,6.3
Arizona,4,8,0.3333333333333333,261,21,24,21.8,25,23,31.8,4254,222,-4,772,124.78,11,147.46,381,6.31,73,355,5.51,8,8,8.07887323943662,152,0.4294,25,74,44,1279,28,4.86,6.807780320366133,1705,38,335,18,0.8301999999999999,17,2088,53,785,3.82,0.44439999999999996,0.41450000000000004,130,2975,226,8,13,13,23,17,18,22,48,0.5,2077,16,29,113,170,0.875,14,95,1785.08,262,32,4956,1799.42,186,0,2,60,12.5,1,712,25,437,130,8,12,7,22,691,252,44.87,117,18,5.59,78,0.92,0,534,12,0.7829999999999999,2868,1.0,15,18,22.25,0,0.8,43.27,63,1,0,430,11.63
Arizona State,11,3,0.7857142857142857,461,43,57,32.9,58,56,22.6,6012,315,14,973,151.23,30,121.15,316,5.23,90,479,6.18,16,16,6.6263048016701465,186,0.4592,19,155,33,2799,24,3.68,8.410994764397905,2145,50,591,26,0.8462000000000001,14,1581,39,909,4.74,0.5278,0.4301,135,3213,283,7,6,6,20,11,11,19,40,0.5417000000000001,1629,6,155,95,196,0.7544,13,149,1957.29,234,11,4755,1642.71,135,2,26,76,18.5,0,181,481,382,4,19,6,3,27,751,284,42.9,162,36,13.55,90,0.966,0,678,15,0.55,3174,0.9690000000000001,23,25,16.45,0,0.652,40.73,80,1,1,430,22.5
Baylor,8,5,0.6153846153846154,447,39,47,34.4,56,55,26.7,5721,299,6,904,150.28,25,136.73,347,5.68,78,393,6.33,14,14,7.745547073791348,179,0.4382,16,118,38,2324,30,4.02,8.225181598062955,2296,54,491,31,0.7917000000000001,12,1976,48,884,4.73,0.5405,0.3575,157,3397,237,7,10,10,20,14,14,22,44,0.6333,2122,21,145,104,178,0.8298000000000001,19,290,1681.0,253,26,5020,1919.0,122,1,23,73,19.7,2,553,453,413,127,20,14,5,29,785,267,42.52,134,37,20.71,80,0.982,1,648,16,0.7,3044,0.9490000000000001,24,24,21.27,1,0.667,48.23,64,1,0,491,5.81
BYU,11,2,0.8461538461538461,405,44,51,31.2,41,41,19.6,5100,289,8,836,134.81,20,105.91,255,4.91,57,392,6.1,22,22,6.051020408163265,175,0.3725,18,127,33,2093,34,3.85,7.934036939313984,2159,48,457,21,0.8049,14,1642,41,818,4.58,0.75,0.4114,141,3007,217,7,14,14,27,17,24,13,38,0.4706,1592,8,113,97,153,0.8626999999999999,16,229,1880.23,217,22,4014,1719.77,66,1,30,80,19.53,0,578,586,379,204,18,16,7,16,561,221,44.98,108,24,13.47,66,1.0,3,679,13,0.889,2372,0.963,16,21,26.27,0,0.813,41.89,72,0,2,426,8.25
Cincinnati,5,7,0.4166666666666667,302,36,45,25.2,34,32,24.6,5047,265,-4,822,135.65,19,138.03,295,6.07,65,348,6.14,5,5,7.681034482758621,159,0.4194,15,108,35,2209,24,4.71,7.184810126582279,1978,46,427,18,0.8974,20,1952,39,762,5.17,0.55,0.3899,140,2838,213,9,7,7,22,9,16,16,42,0.5,1791,15,1,92,155,0.8,12,42,1902.75,252,19,4625,1697.25,114,0,29,65,20.69,2,390,600,395,149,11,19,11,18,533,225,43.0,115,20,4.67,64,0.941,0,515,20,0.727,2673,1.0,24,17,20.53,0,0.833,42.64,62,0,0,414,7.6
Colorado,9,4,0.6923076923076923,428,42,51,32.9,56,56,23.1,4981,265,12,823,166.47,15,119.8,300,5.07,65,393,6.05,15,15,6.633587786259542,189,0.40880000000000005,17,63,37,847,28,3.87,8.576763485477178,2473,56,341,37,0.74,21,1968,50,902,2.48,0.381,0.39149999999999996,171,4134,229,12,10,10,16,19,12,16,53,0.5714,2315,24,268,124,159,0.8234999999999999,16,197,1671.08,353,19,4575,1926.85,365,1,53,99,22.23,1,386,1178,482,48,8,13,5,28,882,263,44.16,111,21,10.37,100,1.0,0,870,17,0.75,2607,1.0,23,31,20.32,1,0.7390000000000001,43.68,74,1,1,509,15.21
Houston,4,8,0.3333333333333333,168,15,25,14.0,17,16,22.9,3457,181,-8,710,118.43,9,127.55,275,5.2,43,333,4.87,12,12,6.804804804804805,158,0.2792,14,88,29,1625,15,3.92,6.542857142857143,2430,58,430,9,0.8286,21,1631,35,749,3.78,0.37929999999999997,0.3671,77,1832,199,7,17,17,14,19,10,18,57,0.7333,2389,16,137,90,154,0.6,11,132,1794.75,182,22,3897,1789.75,56,1,19,54,21.37,1,463,406,280,107,11,21,10,21,623,214,41.9,103,29,6.95,66,0.941,0,507,13,0.7140000000000001,2266,0.938,19,16,21.05,1,0.684,41.91,58,0,1,416,3.5
Iowa State,11,3,0.7857142857142857,435,55,63,31.1,48,46,22.9,5827,317,9,989,135.35,27,112.94,321,5.73,85,372,5.89,15,15,6.231182795698925,184,0.42710000000000004,19,122,31,2247,22,5.35,7.568710359408033,2685,65,516,25,0.8856999999999999,16,2637,35,865,4.35,0.8,0.3967,160,3580,196,9,10,10,28,14,21,18,54,0.5455,2280,13,101,121,199,0.873,12,224,1918.86,277,10,4955,1681.14,109,0,30,92,20.63,3,203,619,473,298,20,11,5,9,392,241,41.31,111,25,16.0,53,0.958,0,789,12,0.75,2318,1.0,17,35,20.3,0,0.706,42.22,73,1,1,493,8.38
Kansas,5,7,0.4166666666666667,356,42,47,29.7,46,44,26.0,5042,258,0,766,134.62,29,146.25,312,6.1,75,360,6.58,12,12,7.969444444444444,152,0.5102,10,133,32,2537,19,4.47,8.186274509803921,1613,39,460,15,0.8,9,1842,40,772,5.52,0.6667000000000001,0.44079999999999997,108,2505,227,5,12,12,15,8,12,25,34,0.5789,1421,12,120,115,147,0.8936,11,55,1864.08,176,27,4711,1735.92,178,2,14,54,21.79,1,445,305,306,193,10,10,5,14,464,255,41.36,126,15,6.88,54,0.9570000000000001,0,489,16,0.8,2869,1.0,20,17,16.48,0,0.8,41.79,67,1,0,412,14.83
Kansas State,9,4,0.6923076923076923,401,42,48,30.8,45,44,23.4,5549,264,-1,844,134.55,21,128.69,304,5.26,70,416,6.57,10,10,7.021634615384615,179,0.4118,15,133,35,2801,28,3.56,7.174934725848564,2418,57,461,25,0.8332999999999999,12,1543,42,849,6.08,0.5769,0.3799,120,2748,244,5,10,10,21,13,17,20,47,0.3214,1990,13,162,87,170,0.875,9,142,1749.54,222,28,4464,1850.38,219,1,22,59,21.91,0,552,482,383,122,15,13,6,26,594,243,42.42,130,26,10.92,71,0.978,0,459,15,0.81,2921,0.971,17,11,19.71,0,0.882,42.34,68,1,2,433,16.85
Oklahoma State,3,9,0.25,326,39,44,27.2,35,34,35.6,4488,245,-8,807,126.21,19,149.06,427,6.81,57,405,5.56,12,12,8.461728395061728,172,0.354,28,81,42,1341,30,5.41,7.008908685968819,1692,40,358,21,0.8077,8,2580,52,882,3.75,0.6537999999999999,0.4593,145,3147,254,3,17,17,17,15,12,26,55,0.5333,2454,10,214,136,161,0.8864,16,88,1623.08,267,45,6007,1975.83,64,1,21,64,19.1,1,837,401,449,120,17,11,6,15,521,300,42.3,149,26,5.87,60,0.971,0,587,12,0.706,3427,1.0,18,19,18.6,0,0.667,44.62,79,0,0,477,6.4
TCU,9,4,0.6923076923076923,435,52,57,33.5,55,54,24.6,5549,293,-6,888,151.92,26,114.24,320,5.0,72,403,6.25,10,10,5.972704714640199,199,0.4337,21,100,36,1481,25,4.21,8.336065573770492,2463,61,400,29,0.878,16,2086,41,899,3.7,0.7826000000000001,0.4372,175,4068,232,6,11,11,22,26,15,14,42,0.52,1780,6,49,131,166,0.9123,13,286,1713.08,326,18,4493,1886.92,80,0,29,69,16.69,1,338,484,488,159,18,18,11,20,691,263,40.38,112,23,11.0,73,0.982,0,601,16,0.682,2407,0.914,21,18,18.78,0,0.762,42.38,87,1,1,496,13.33
Texas Tech,8,5,0.6153846153846154,489,56,62,37.6,53,53,34.8,6015,319,1,1010,138.13,26,148.39,453,6.52,102,475,5.96,14,14,8.43157894736842,171,0.4904,28,124,50,2158,26,4.46,7.19589552238806,2071,49,474,31,0.8772,20,1977,57,918,4.55,0.4828,0.3801,174,3857,304,8,11,11,24,11,22,28,47,0.5769,1982,14,126,99,208,0.9031999999999999,15,67,1811.0,336,44,5982,1788.69,164,2,21,85,15.57,0,922,327,536,161,14,17,10,27,792,301,42.27,175,29,6.09,95,1.0,0,706,20,0.917,4005,0.9420000000000001,27,21,20.95,0,0.741,42.17,65,0,0,443,11.71
UCF,4,8,0.3333333333333333,365,39,45,30.4,45,44,26.9,5373,283,-8,827,130.7,33,137.15,323,5.16,64,376,6.5,9,9,6.9787234042553195,173,0.4156,14,162,40,2977,17,3.5,7.704180064308682,2633,60,516,14,0.9091,10,1444,44,788,5.77,0.5357,0.4277,103,2396,244,2,11,11,15,18,9,21,41,0.7059000000000001,1765,10,231,82,154,0.8667,12,171,1697.83,181,23,4068,1901.75,175,1,20,76,21.15,3,385,423,311,88,15,15,8,22,653,231,43.88,127,28,9.5,78,0.978,0,588,15,0.6,2624,0.919,18,18,16.74,0,0.833,43.05,74,1,0,412,17.5
Utah,5,7,0.4166666666666667,283,34,39,23.6,26,26,20.7,3958,199,-4,761,120.68,7,112.2,248,5.05,56,380,5.2,12,12,6.323684210526316,175,0.3275,13,81,25,1565,28,3.84,6.684357541899441,2936,67,403,20,0.8065000000000001,16,1553,31,784,3.88,0.45,0.2743,103,2393,199,6,17,17,25,22,19,15,61,0.5714,2680,19,248,81,171,0.8718,16,124,1926.17,199,17,3956,1671.33,178,3,25,74,22.44,0,351,561,358,77,9,18,5,15,555,198,43.82,102,20,5.64,65,1.0,0,525,13,0.76,2403,0.9620000000000001,21,15,20.65,1,0.619,43.93,48,1,1,404,9.37
West Virginia,6,7,0.46153846153846156,379,45,53,29.2,42,42,31.9,5252,294,-8,900,133.06,27,160.25,415,6.5,75,386,5.84,5,5,9.121761658031089,156,0.4261,28,141,42,2518,20,4.23,7.369272237196766,1880,43,529,20,0.875,10,1877,48,830,4.76,0.625,0.4936,128,2734,247,6,14,14,14,15,13,26,36,0.65,1530,9,101,109,176,0.8491,13,123,1919.54,226,24,5398,1679.62,60,1,38,77,17.05,1,530,648,371,74,25,19,5,18,446,283,43.72,156,40,8.2,57,1.0,0,664,8,0.929,3521,0.981,12,25,22.08,0,0.667,42.5,77,1,0,444,6.67
Illinois,10,3,0.7692307692307693,368,44,51,28.3,39,38,21.7,4743,265,6,805,142.85,22,123.0,282,5.48,72,444,5.89,12,12,6.581081081081081,178,0.4645,12,110,39,1997,25,4.37,7.779036827195467,1836,41,452,22,0.8298000000000001,17,1929,47,885,4.42,0.4706,0.44939999999999997,127,2746,262,8,6,6,22,27,18,19,45,0.44,1836,9,134,117,155,0.8626999999999999,11,358,1745.15,213,14,4851,1854.85,87,1,15,73,15.53,1,272,233,353,53,8,15,8,17,522,275,44.78,141,17,13.26,68,0.9740000000000001,0,661,17,0.818,2922,0.9640000000000001,23,28,19.43,0,0.7390000000000001,40.8,80,0,0,441,9.67
Indiana,11,2,0.8461538461538461,537,64,69,41.3,69,69,15.6,5543,306,15,852,174.03,37,112.48,203,4.28,68,397,6.51,15,15,5.765743073047859,168,0.4722,12,130,26,2146,32,2.74,9.409972299168976,2701,62,491,33,0.8125,16,1043,32,778,4.37,0.5909,0.3274,155,3397,248,9,6,6,11,28,10,11,36,0.3125,1528,10,218,68,144,0.9275,10,325,1842.15,246,6,3332,1757.85,121,2,41,76,19.61,0,127,804,361,65,13,10,3,20,571,192,43.56,104,22,11.61,62,1.0,0,584,12,0.909,2289,1.0,14,21,21.17,0,0.857,42.44,55,1,0,381,12.1
Iowa,8,5,0.6153846153846154,360,37,41,27.7,40,40,17.8,4275,217,12,761,124.51,30,122.8,232,5.01,69,420,5.62,16,16,6.285714285714286,173,0.4132,4,117,26,2564,13,3.69,6.5807692307692305,2889,69,501,10,0.8125,18,1499,32,826,5.12,0.375,0.3642,82,1711,260,8,8,8,23,27,20,20,64,0.5385,2822,8,140,93,167,0.9024,7,327,1758.31,163,29,4139,1843.23,152,1,23,74,18.22,1,791,419,260,169,3,13,4,14,388,230,41.87,123,8,12.11,41,1.0,1,581,15,0.87,2640,1.0,21,18,27.28,0,0.7140000000000001,44.09,63,2,1,406,19.0
Maryland,4,8,0.3333333333333333,284,35,42,23.7,32,31,30.4,4633,258,-3,864,128.38,15,140.07,365,5.59,72,384,5.36,9,9,7.541666666666667,167,0.4022,19,75,42,1325,18,3.84,6.696356275303644,2364,53,370,21,0.8571,13,1641,49,811,3.58,0.45159999999999995,0.4012,157,3308,240,8,14,14,16,12,11,22,53,0.6667000000000001,2343,17,133,98,179,0.8332999999999999,12,107,1805.92,315,17,4537,1794.0,109,0,20,72,23.35,1,234,467,494,197,14,9,6,28,703,252,44.6,126,31,8.92,77,0.9690000000000001,0,633,19,0.688,2896,1.0,23,26,13.76,0,0.826,44.21,67,0,0,427,6.41
Michigan,8,5,0.6153846153846154,286,33,39,22.0,28,27,19.9,3721,210,-2,794,111.87,18,123.15,259,4.86,74,436,4.69,12,12,6.4495412844036695,186,0.4205,10,110,36,2043,14,3.06,5.4480519480519485,2471,55,486,12,0.7659999999999999,11,1179,47,821,4.2,0.7059000000000001,0.414,86,1678,262,6,13,13,22,15,21,19,55,0.35710000000000003,2365,14,149,81,176,0.8462000000000001,5,158,1914.23,190,24,3991,1685.77,239,2,12,54,15.67,0,495,188,308,139,12,15,7,19,514,226,44.93,126,17,10.53,52,0.9640000000000001,0,409,18,0.955,2812,1.0,28,14,20.63,0,0.643,43.0,77,0,0,385,17.07
Michigan State,5,7,0.4166666666666667,232,28,37,19.3,25,23,26.1,4001,226,-8,747,127.69,11,136.45,313,5.36,59,339,5.36,9,9,7.32448377581121,158,0.3831,19,99,41,1384,21,3.72,7.413597733711049,1941,45,394,13,0.8542000000000001,8,1501,48,743,3.51,0.5217,0.44299999999999995,110,2617,206,2,12,12,21,6,19,20,45,0.6667000000000001,2094,22,214,77,154,0.7568,14,50,1835.17,212,10,3984,1745.33,209,1,13,50,20.69,0,168,269,353,132,12,11,7,26,760,224,43.13,121,23,8.33,80,0.92,0,407,13,0.905,2483,0.971,18,17,16.8,0,0.722,46.53,70,0,0,404,9.5
Minnesota,8,5,0.6153846153846154,340,42,48,26.2,39,38,16.9,4391,265,9,816,138.25,18,111.14,220,4.76,77,373,5.38,17,17,6.136729222520107,172,0.4556,14,94,26,1503,17,3.5,7.009708737864078,2645,61,404,20,0.7646999999999999,11,1425,34,780,3.72,0.9091,0.3895,143,2888,220,4,6,6,28,24,20,11,53,0.4118,2260,17,239,77,169,0.875,7,196,1917.15,273,21,3714,1683.46,138,2,10,65,20.9,0,401,209,412,61,10,10,6,20,488,208,43.36,111,11,8.17,63,0.9740000000000001,0,638,15,0.7140000000000001,2289,0.958,19,28,19.1,0,0.789,42.64,67,0,0,407,8.12
Nebraska,7,6,0.5384615384615384,306,40,53,23.5,37,35,19.5,4667,283,-2,883,127.88,22,140.52,253,5.37,75,379,5.29,11,11,7.432717678100264,159,0.42369999999999997,8,109,28,1698,27,3.37,6.825287356321839,2268,54,448,13,0.7568,14,1316,37,769,3.79,0.39130000000000004,0.3522,137,2969,242,6,12,12,19,15,13,23,51,0.40740000000000004,2093,19,191,69,177,0.7547,11,73,1927.31,288,23,4133,1672.69,234,3,27,80,21.74,1,427,587,435,145,9,17,7,24,691,214,42.0,121,23,4.87,81,0.946,0,813,9,0.684,2817,1.0,18,37,18.57,0,0.5,41.04,56,0,0,390,12.32
Northwestern,4,8,0.3333333333333333,214,26,38,17.8,21,21,26.3,3413,192,-2,746,101.92,12,129.97,316,5.56,55,391,4.58,10,10,7.115089514066496,156,0.3293,22,76,40,1182,20,4.0,5.705882352941177,2070,49,355,7,0.8,9,1559,50,781,3.33,0.5,0.40380000000000005,100,2231,245,6,11,11,24,16,17,15,58,0.45,2459,25,168,89,167,0.6842,9,243,1773.08,210,26,4341,1812.25,261,2,24,46,21.04,0,583,505,391,98,9,15,7,10,459,229,42.24,130,18,15.19,57,1.0,0,386,15,0.708,2782,1.0,21,16,22.42,0,0.7140000000000001,42.4,63,1,1,390,10.44
Ohio State,14,2,0.875,571,55,62,35.7,76,76,12.9,6870,332,3,989,171.55,34,114.13,206,4.19,81,442,6.95,10,10,6.04524886877828,228,0.4378,13,135,23,2662,33,2.65,9.248351648351647,3674,87,534,37,0.6053000000000001,23,1402,38,972,4.99,0.7143,0.35090000000000005,183,4208,267,9,10,10,17,24,13,10,49,0.4545,2042,11,148,97,185,0.8870999999999999,15,204,1818.0,325,15,4074,1781.81,71,1,11,59,16.0,1,153,176,455,109,20,15,6,27,653,241,42.23,117,28,8.5,72,1.0,0,467,12,0.765,2672,1.0,18,14,10.2,0,0.667,41.67,80,0,1,530,6.45
Oregon,13,1,0.9285714285714286,488,56,63,34.9,56,54,19.4,6124,323,7,959,163.2,30,113.84,272,5.14,87,420,6.39,12,12,6.197619047619048,181,0.486,16,127,36,2211,24,4.14,8.506521739130434,2877,67,499,30,0.8571,18,1820,42,860,4.43,0.65,0.337,175,3913,234,6,6,6,20,20,16,15,46,0.4583,2066,4,38,97,179,0.8889,11,195,1850.71,335,12,4423,1748.29,56,0,18,77,18.44,1,322,332,460,134,13,10,5,23,580,241,42.94,121,20,9.75,74,0.9640000000000001,1,651,16,0.8,2603,1.0,20,21,26.83,0,0.8,44.91,61,0,1,440,14.0
Penn State,13,3,0.8125,530,59,66,33.1,66,65,16.5,6883,367,11,1052,154.97,35,118.65,264,4.67,89,475,6.54,20,20,6.496842105263158,218,0.45880000000000004,10,168,29,3237,27,3.05,8.34324942791762,3166,73,615,30,0.7073,16,1630,41,1009,5.26,0.72,0.3716,177,3646,285,6,10,10,23,23,17,18,53,0.5556,2213,11,310,115,194,0.8939,15,136,1821.88,292,18,4716,1778.19,78,4,27,70,19.07,0,382,515,437,117,18,13,5,26,804,282,43.37,141,25,5.91,85,0.985,0,542,22,0.7390000000000001,3086,1.0,29,22,21.22,0,0.759,41.75,81,0,0,534,7.09
Purdue,1,11,0.08333333333333333,189,26,34,15.8,20,20,39.9,3591,175,-14,676,121.37,9,167.3,479,6.76,46,331,5.31,4,4,9.16012084592145,147,0.3151,33,65,47,1384,16,5.08,6.708206686930091,1730,40,347,13,0.9216,4,2400,51,803,3.99,0.2778,0.483,99,2207,218,1,9,9,15,16,9,27,65,0.75,2871,20,0,132,146,0.7646999999999999,12,103,1611.08,189,15,5432,1988.92,137,0,11,62,19.73,3,300,217,329,117,5,14,10,20,622,288,43.25,136,18,6.44,66,1.0,0,572,11,0.6,3032,1.0,18,11,20.0,0,0.611,44.17,71,0,0,472,6.85
Rutgers,7,6,0.5384615384615384,376,52,62,28.9,42,41,25.4,4975,293,4,912,122.75,28,129.2,330,6.15,79,427,5.46,8,8,7.035128805620609,174,0.4365,26,129,33,2279,26,5.21,6.8253164556962025,2066,50,517,18,0.8049,14,2116,41,833,4.41,0.4643,0.431,131,2696,256,5,7,7,19,10,15,18,50,0.5,2128,7,114,108,181,0.8387,13,165,1904.62,213,4,5120,1678.85,92,1,20,84,21.4,0,39,428,395,29,13,4,2,20,444,256,41.32,128,28,16.5,52,0.976,0,682,7,0.789,3004,0.943,14,33,9.75,0,0.5,42.56,75,0,0,406,13.14
USC,7,6,0.5384615384615384,392,49,55,30.2,50,50,24.1,5684,303,-3,900,134.73,20,132.51,313,5.83,74,437,6.32,12,12,7.016018306636155,167,0.4485,19,100,39,1889,35,4.54,7.106741573033708,2288,53,366,29,0.8298000000000001,10,1836,47,841,5.16,0.4706,0.3353,182,3795,296,6,15,15,21,13,14,15,45,0.5714,2153,13,178,95,165,0.8909,20,74,1822.23,335,28,4902,1777.69,90,1,14,78,26.43,4,646,370,534,440,8,15,6,21,668,262,43.17,146,17,5.69,75,1.0,0,648,16,0.667,3066,0.943,20,21,23.07,0,0.8,47.84,56,0,0,404,6.92
UCLA,5,7,0.4166666666666667,221,30,37,18.4,21,21,25.3,3945,216,-4,736,134.98,4,135.85,303,5.41,67,411,5.36,10,10,7.143552311435523,155,0.4268,17,62,43,1039,13,3.34,7.301507537688442,1623,38,338,17,0.9348000000000001,10,1154,46,756,3.07,0.5,0.4839,136,2906,269,3,11,11,25,5,20,19,43,0.3846,1832,13,177,70,157,0.8108,5,56,1867.83,259,15,4090,1732.17,81,2,17,58,18.0,0,280,306,398,9,8,12,6,34,827,242,42.71,138,16,11.2,98,1.0,0,496,18,0.8,2936,0.9390000000000001,19,18,18.67,0,0.9470000000000001,42.6,75,0,0,345,6.23
Washington,6,7,0.46153846153846156,304,39,47,23.4,31,30,23.8,5076,269,2,840,154.52,14,113.71,309,5.09,57,377,6.04,8,8,5.742705570291777,178,0.3677,20,104,37,1674,23,4.56,8.158273381294965,2158,51,423,22,0.8222,11,2104,45,838,3.96,0.48,0.4382,150,3402,210,6,8,8,26,13,18,16,43,0.5652,1806,21,131,123,155,0.8298000000000001,13,93,1816.54,302,25,4269,1783.46,301,0,37,65,21.51,2,564,796,417,128,12,15,4,29,673,256,42.31,104,25,7.15,76,0.968,0,546,14,0.6920000000000001,2165,1.0,20,15,22.56,0,0.7,42.0,78,0,0,461,14.33
Wisconsin,5,7,0.4166666666666667,271,32,41,22.6,31,31,23.1,4204,225,-6,787,118.48,19,127.77,277,5.48,57,323,5.34,4,4,6.6006191950464395,158,0.3608,20,104,35,1844,15,4.63,6.465753424657534,2706,61,422,14,0.875,12,1980,40,751,4.37,0.6,0.3924,98,2360,202,8,10,10,19,16,12,12,55,0.5333,2491,19,18,106,158,0.7805,8,97,1761.0,208,26,4112,1839.67,89,0,13,68,20.15,2,636,262,365,134,12,16,8,13,450,219,44.36,100,20,6.06,63,1.0,0,559,13,0.632,2132,1.0,20,23,24.46,0,0.65,45.29,62,0,0,428,4.68
Florida International,4,8,0.3333333333333333,316,31,38,26.3,39,38,25.8,4200,215,-3,735,148.04,16,111.96,309,5.24,45,357,5.71,11,11,6.03641456582633,171,0.3103,28,77,36,1447,31,4.67,8.24251497005988,2411,60,401,24,0.7826000000000001,13,2296,46,849,3.61,0.5385,0.32159999999999994,119,2753,211,5,11,11,10,17,8,9,58,0.6774,2247,17,286,123,145,0.8158,21,76,1722.83,206,27,4451,1877.17,103,2,43,79,22.16,0,689,953,334,189,14,20,8,17,569,236,40.18,96,26,4.47,66,0.9740000000000001,0,658,16,0.8,2155,1.0,22,19,25.52,0,0.727,38.74,55,0,0,492,6.06
Jacksonville State,9,5,0.6428571428571429,504,49,56,36.0,64,62,26.1,6183,318,9,960,141.76,51,133.88,366,5.59,71,410,6.44,12,12,7.451219512195122,195,0.408,21,179,35,3517,27,4.26,8.490445859872612,2235,53,646,14,0.7292000000000001,21,2447,48,984,5.44,0.5417000000000001,0.4205,106,2666,247,12,7,7,20,18,14,21,52,0.44439999999999996,2199,13,89,128,174,0.875,12,82,1617.71,189,7,5502,1982.29,51,1,50,86,21.42,0,146,1071,314,48,13,21,8,35,808,304,42.17,141,24,4.56,83,0.9690000000000001,0,796,19,0.7,3055,0.976,26,33,20.86,1,0.731,42.29,82,0,0,574,3.92
Kennesaw State,2,10,0.16666666666666666,198,25,30,16.5,21,20,31.2,3011,164,-6,749,96.04,13,150.4,374,6.05,66,361,4.02,4,4,7.869806094182826,165,0.3568,25,79,44,1375,22,4.61,5.508417508417509,2061,52,452,6,0.8462000000000001,17,2111,52,819,3.04,0.3889,0.4121,70,1636,243,8,14,14,18,16,14,21,76,0.5909,3448,32,55,119,185,0.8332999999999999,13,107,1762.17,156,41,4952,1832.67,347,1,23,64,21.52,2,989,495,297,137,7,21,4,17,556,253,39.63,117,18,6.69,67,0.9520000000000001,2,606,10,0.778,2841,0.9790000000000001,18,15,24.12,0,0.556,45.37,68,1,0,458,10.84
Liberty,8,4,0.6666666666666666,345,42,51,28.8,42,41,23.5,5022,277,-3,831,126.3,28,126.38,282,5.36,68,323,6.04,8,8,7.294117647058823,163,0.43310000000000004,21,165,35,3008,25,4.0,6.968858131487889,2105,48,542,16,0.7609,13,1849,46,785,5.55,0.5714,0.36810000000000004,90,2014,190,7,7,7,14,14,10,11,43,0.56,1822,9,85,95,157,0.8234999999999999,14,148,1837.58,157,35,4205,1762.42,86,0,21,75,20.14,1,669,423,289,94,12,23,11,31,793,226,43.85,100,21,10.57,82,0.976,0,640,17,0.7140000000000001,2356,0.9690000000000001,22,22,19.11,0,0.773,42.37,60,0,0,462,9.56
Louisiana Tech,5,8,0.38461538461538464,272,35,48,20.9,31,29,21.0,4328,233,-5,897,131.64,14,114.5,273,4.68,78,366,4.82,5,5,6.139344262295082,178,0.392,21,93,27,1420,24,3.59,7.041162227602905,3074,74,484,18,0.75,21,1762,36,857,2.93,0.3077,0.3371,126,2908,204,12,8,8,22,30,15,11,67,0.4167,2654,14,60,107,199,0.7292000000000001,10,390,1881.08,256,26,4009,1656.15,67,0,4,63,14.5,2,639,58,413,146,8,23,14,25,658,231,41.54,99,26,13.0,69,0.935,0,544,12,0.682,2247,0.9690000000000001,18,14,24.58,0,0.667,39.61,60,0,0,491,4.79
Middle Tennessee,3,9,0.25,217,25,34,18.1,26,26,34.3,4201,218,-9,763,132.95,10,164.51,411,6.67,62,343,5.51,5,5,8.822157434402332,149,0.3851,26,57,48,1068,16,5.08,7.320093457943925,1790,39,335,16,0.8571,16,2364,56,808,3.19,0.4815,0.4832,137,3133,231,5,10,10,12,12,9,27,54,0.5,2335,19,42,124,161,0.7353000000000001,8,111,1813.0,273,30,5390,1787.0,129,0,30,66,18.03,1,530,541,428,95,13,13,9,18,736,281,45.9,139,27,9.25,88,1.0,0,611,11,0.75,3026,0.9620000000000001,15,24,17.67,0,0.733,43.24,72,0,1,465,6.79
New Mexico State,3,9,0.25,259,26,30,21.6,23,23,36.3,3878,232,-13,815,94.04,16,137.77,435,6.38,70,381,4.76,9,9,7.923884514435696,177,0.3846,29,111,42,2160,23,5.1,5.36875,2054,50,495,12,0.9129999999999999,10,2343,46,840,4.36,0.375,0.44630000000000003,87,1718,220,1,12,12,24,12,18,21,63,0.5652,2802,27,41,112,182,0.8667,13,60,1759.83,141,39,5362,1840.17,328,1,13,84,23.46,0,762,305,320,152,6,19,11,19,577,255,41.08,124,16,5.0,65,1.0,0,907,19,0.75,3019,0.98,23,34,19.54,0,0.826,44.48,79,1,0,459,12.15
Sam Houston State,10,3,0.7692307692307693,309,29,39,23.8,35,35,20.5,4523,245,12,907,123.47,21,109.39,266,4.78,76,399,4.99,16,16,5.7669172932330826,189,0.38780000000000003,17,123,30,2337,31,3.96,6.2457142857142856,2681,63,557,15,0.75,22,1879,40,874,4.2,0.6667000000000001,0.381,104,2186,229,11,9,9,24,17,14,14,66,0.3871,2716,34,182,111,196,0.7436,12,69,1931.54,217,22,4180,1670.08,279,2,32,87,22.75,0,439,728,350,91,14,16,6,15,493,238,42.56,112,21,4.06,60,1.0,0,727,11,0.583,2301,1.0,15,18,19.95,0,0.733,41.15,72,0,0,475,8.21
UTEP,3,9,0.25,234,19,27,19.5,28,28,32.3,3849,200,-1,803,123.31,9,140.58,388,5.66,59,352,4.79,11,11,7.607954545454546,185,0.3296,25,86,37,1449,20,4.3,6.575342465753424,2467,59,438,15,0.8043,21,2152,46,853,3.31,0.2963,0.4,95,2400,216,7,12,12,18,17,10,23,68,0.5,2498,25,164,100,179,0.7037,10,311,1672.92,223,24,4830,1922.92,190,0,22,69,26.95,0,496,593,365,134,8,17,7,20,611,246,41.81,126,27,18.29,68,1.0,1,629,14,0.556,2678,0.978,20,19,20.67,1,0.7,36.74,74,0,1,501,7.6
Western Kentucky,8,6,0.5714285714285714,349,39,51,24.9,41,41,24.6,5229,270,-4,910,146.52,14,137.52,345,5.92,78,321,5.75,10,10,7.679127725856698,190,0.41490000000000005,26,89,35,1524,25,5.0,7.882978723404255,2299,56,440,28,0.7955,17,3097,44,940,3.46,0.5938,0.4421,161,3705,195,10,12,12,19,15,18,18,55,0.52,2350,17,109,163,188,0.7646999999999999,13,47,1670.21,309,26,5562,1927.57,130,0,39,71,21.31,0,494,831,470,116,19,22,12,15,578,282,41.05,104,32,3.13,58,1.0,0,628,10,0.9470000000000001,2465,1.0,18,20,19.0,1,0.556,42.73,84,0,0,619,7.65
Connecticut,9,4,0.6923076923076923,415,41,44,31.9,49,49,23.1,5169,268,-1,912,127.05,23,123.68,300,5.1,71,433,5.67,10,10,6.454965357967668,195,0.38380000000000003,16,121,36,2590,23,3.8,6.512626262626263,3559,86,516,25,0.8371999999999999,15,1720,43,886,5.02,0.5,0.2974,115,2579,268,5,9,9,26,35,20,16,63,0.4783,2702,27,146,96,185,0.9318000000000001,11,261,1796.77,222,19,4515,1803.23,229,1,30,100,24.37,0,524,731,396,56,8,13,7,24,685,235,41.38,115,16,7.46,69,1.0,1,835,19,0.769,2795,0.971,23,32,27.58,2,0.826,42.89,58,1,0,453,8.48
Massachusetts,2,10,0.16666666666666666,270,37,45,22.5,32,31,35.5,4143,236,-1,810,123.68,18,143.01,426,6.22,66,269,5.11,6,6,7.877323420074349,138,0.386,32,118,47,1962,14,5.23,6.669724770642202,1707,41,483,14,0.9592,9,2375,49,723,4.06,0.5832999999999999,0.45649999999999996,92,2181,156,3,6,6,21,15,13,19,56,0.4286,2259,21,18,127,171,0.8222,6,130,1940.42,187,22,4494,1661.0,153,0,25,72,29.56,1,398,739,327,215,14,16,4,28,758,244,41.63,89,24,8.67,87,0.9690000000000001,0,640,14,0.619,2119,0.981,14,26,18.09,2,1.0,40.34,63,0,1,454,7.29
Notre Dame,14,2,0.875,578,49,60,36.1,74,73,15.5,6385,326,18,1013,140.56,45,104.4,248,4.75,76,451,6.3,19,19,6.008869179600887,217,0.413,16,147,34,3215,41,3.78,7.123595505617978,3145,75,568,24,0.7556,31,2209,45,1035,5.66,0.7333,0.3226,150,3170,235,14,8,8,27,29,15,14,50,0.36590000000000006,2091,20,454,126,184,0.8167,15,161,1810.06,296,17,4919,1790.0,83,5,38,87,15.61,0,402,593,445,78,22,13,7,28,814,272,41.93,118,30,5.55,93,0.986,1,773,13,0.556,2710,1.0,17,29,23.65,0,0.765,41.82,70,0,0,584,4.15
Akron,4,8,0.3333333333333333,245,22,28,20.4,24,24,32.0,3993,216,-10,765,119.59,11,153.68,384,6.07,59,343,5.22,3,3,8.084548104956268,163,0.36200000000000004,23,74,37,1204,26,4.62,6.656324582338902,2502,59,346,16,0.8809999999999999,13,2200,42,819,3.48,0.2667,0.3865,117,2789,221,7,10,10,16,7,13,24,66,0.5769,2846,16,27,104,163,0.7857,15,-1,1712.5,234,25,4973,1887.67,147,0,15,80,19.6,1,395,294,419,84,4,15,10,19,584,245,42.41,122,15,-0.14,76,1.0,0,641,11,0.813,2773,0.978,16,25,15.8,0,0.688,43.12,63,0,1,476,9.19
Ball State,3,9,0.25,304,30,34,25.3,36,35,40.1,4174,243,2,812,134.57,10,165.13,481,7.0,75,376,5.14,8,8,8.922872340425531,148,0.42369999999999997,24,86,44,1234,16,5.21,6.697038724373576,1406,34,373,26,0.9778,14,2104,45,780,3.31,0.46149999999999997,0.4865,134,2940,233,8,11,11,15,9,13,37,56,0.5,2257,17,115,100,177,0.8824,8,15,1858.25,280,35,5459,1741.75,163,1,34,64,17.91,2,794,609,439,236,12,14,3,22,544,267,41.35,145,26,1.67,59,0.972,1,593,14,0.867,3355,0.946,15,23,22.69,0,0.9329999999999999,40.3,72,0,0,404,9.59
Bowling Green,7,6,0.5384615384615384,352,41,50,27.1,40,39,21.6,4906,258,3,844,141.47,20,121.23,281,5.3,68,370,5.81,12,12,6.513513513513513,177,0.382,14,99,30,1778,28,4.28,7.465393794749403,2441,60,425,20,0.7692,10,1897,39,813,4.18,0.6154,0.33899999999999997,142,3128,214,2,6,6,28,24,19,17,50,0.6071,2040,9,144,101,178,0.82,17,107,1911.69,276,28,4307,1688.38,94,1,29,67,19.1,0,653,554,419,64,16,18,5,18,595,227,40.68,108,26,4.46,69,0.975,1,572,18,0.679,2410,0.9640000000000001,22,17,23.32,0,0.818,40.8,60,1,0,443,10.44
Buffalo,9,4,0.6923076923076923,375,38,46,28.8,34,34,26.4,4620,241,9,880,129.15,24,135.13,343,5.62,63,439,5.25,13,13,7.259681093394078,194,0.3369,17,120,31,2198,32,4.08,6.979827089337176,2521,63,533,19,0.8378,18,1906,37,906,4.12,0.6071,0.3711,103,2422,269,9,6,6,24,17,19,25,67,0.5,2783,16,347,97,187,0.8261,16,217,1733.46,194,25,5093,1823.85,123,3,26,61,20.85,1,417,542,347,122,17,17,7,22,564,263,40.02,144,28,12.76,58,1.0,0,514,13,0.792,3187,1.0,21,18,16.68,0,0.619,41.54,72,0,0,467,7.69
Central Michigan,4,8,0.3333333333333333,271,35,38,22.6,27,25,29.7,3954,216,-17,749,113.91,17,135.5,356,5.64,57,328,5.28,2,2,7.091463414634147,160,0.3519,20,105,41,1993,23,4.58,6.493377483443709,2298,53,447,11,0.8723000000000001,8,2037,47,773,4.46,0.5769,0.3375,83,1961,197,3,12,12,18,18,16,17,57,0.6087,2325,19,53,99,162,0.9211,14,221,1765.42,167,37,4363,1832.42,116,1,17,77,17.71,3,671,301,302,347,15,18,10,25,731,229,43.36,105,26,12.28,81,0.9259999999999999,1,706,25,0.889,2326,0.972,30,28,18.14,0,0.833,40.79,54,0,1,445,6.11
Eastern Michigan,5,7,0.4166666666666667,311,37,44,25.9,29,27,27.9,4534,258,-2,893,125.73,17,156.07,335,6.18,81,309,5.08,5,5,8.579288025889968,149,0.4219,19,102,26,1702,23,4.48,6.8076923076923075,2267,54,477,17,0.8125,22,1954,32,745,3.57,0.5517,0.3624,129,2832,197,10,10,10,25,19,20,22,51,0.3478,2129,16,23,103,192,0.8409,8,60,1866.75,249,22,4605,1733.25,94,0,23,87,20.7,1,404,476,416,112,16,13,7,34,744,236,41.98,99,29,3.16,77,0.9309999999999999,0,775,10,0.8,2651,0.972,17,27,18.36,0,0.588,41.75,54,0,1,436,5.88
Kent State,0,12,0.0,167,13,17,13.9,20,20,44.1,2799,156,-9,685,112.24,3,161.91,529,7.0,29,346,4.09,4,4,8.708092485549132,163,0.1883,36,61,58,923,15,5.9,6.380952380952381,1490,38,391,18,0.9063,12,3179,64,885,2.36,0.381,0.47850000000000004,70,1876,226,7,13,13,9,4,5,27,83,0.5333,3469,26,73,159,154,0.7646999999999999,8,45,1619.75,139,33,6192,1980.25,420,0,15,71,25.07,0,613,376,294,76,8,21,7,22,429,317,39.21,136,21,11.25,59,1.0,0,675,22,0.556,3013,1.0,26,25,18.58,1,0.846,41.8,78,2,0,539,16.15
Miami (Ohio),9,5,0.6428571428571429,337,40,49,24.1,35,34,18.8,4938,236,5,812,133.47,14,108.51,263,4.86,55,464,6.08,13,13,5.862068965517241,198,0.33740000000000003,20,83,28,1894,21,3.91,7.629072681704261,2754,68,413,23,0.7568,20,1920,37,955,4.59,0.4545,0.4242,136,3044,268,10,12,12,31,18,27,10,61,0.47619999999999996,2492,18,162,116,163,0.8162999999999999,10,100,1738.43,225,29,4640,1862.86,56,0,25,69,16.0,1,544,400,399,144,5,13,6,25,585,283,40.5,142,11,5.56,74,0.971,0,587,15,0.871,2720,1.0,21,17,18.76,0,0.7140000000000001,40.85,84,0,0,491,3.11
Northern Illinois,8,5,0.6153846153846154,319,33,38,24.5,32,28,18.5,4969,279,-3,933,120.67,22,112.86,241,4.72,81,372,5.33,9,9,6.026881720430108,165,0.41969999999999996,10,137,28,2649,26,3.54,6.2533692722371965,2612,65,562,16,0.7778,13,1458,36,784,4.71,0.4545,0.2667,115,2320,200,5,8,8,26,12,17,15,45,0.5,1677,6,150,89,193,0.8684000000000001,13,95,2001.31,216,20,3700,1598.92,20,0,40,67,19.53,0,484,781,371,95,15,20,9,25,556,213,40.18,99,33,7.92,55,0.875,1,592,18,0.654,2242,0.92,28,27,24.2,0,0.643,37.27,44,1,0,412,3.33
Ohio,11,3,0.7857142857142857,410,47,53,29.3,48,47,18.1,5678,308,-2,919,135.89,35,125.76,254,4.91,81,434,6.18,11,11,6.857142857142857,195,0.4765,14,156,30,2984,23,2.95,7.808695652173913,3139,75,574,15,0.8108,27,1268,37,864,5.2,0.6,0.37439999999999996,122,2694,265,9,12,12,16,18,13,16,60,0.4783,2432,19,53,81,170,0.8868,11,132,1962.29,217,26,4244,1635.93,147,1,34,80,19.76,1,547,672,345,73,6,15,10,14,637,232,41.85,137,10,7.33,78,0.9790000000000001,1,733,13,0.813,2976,0.9640000000000001,16,30,21.04,0,0.813,40.53,73,0,1,430,7.74
Toledo,8,5,0.6153846153846154,368,37,50,28.3,42,41,23.2,4809,257,1,889,139.09,13,117.1,302,4.9,65,426,5.41,13,13,6.345070422535211,204,0.3533,16,81,46,1504,25,3.73,7.295805739514349,2990,73,436,28,0.902,24,1959,51,951,3.45,0.5428999999999999,0.3824,144,3305,245,7,8,8,21,22,15,16,61,0.48,2475,18,230,115,184,0.74,12,285,1615.85,276,28,4662,1983.77,88,3,38,90,18.68,1,674,710,453,98,19,24,11,25,739,266,40.96,126,35,12.95,83,0.976,1,829,21,0.7140000000000001,2703,1.0,23,32,24.07,0,0.9129999999999999,40.57,78,0,0,525,4.89
Western Michigan,6,7,0.46153846153846156,376,38,42,28.9,47,47,31.3,4810,253,8,807,141.68,28,146.55,407,6.39,56,344,5.96,8,8,8.412790697674419,164,0.3522,28,122,42,2379,16,5.0,7.526315789473684,1726,44,484,18,0.9129999999999999,23,2502,46,844,4.92,0.6129,0.4268,113,2431,211,13,9,9,16,17,13,20,52,0.8125,2086,13,139,131,159,0.9048,13,68,1773.92,212,41,5396,1783.38,49,1,49,60,21.2,0,863,1039,323,69,19,12,4,21,509,275,39.23,123,31,4.0,54,1.0,0,503,14,0.813,2894,0.9790000000000001,21,18,21.05,4,0.667,40.12,70,0,0,500,3.77
Air Force,5,7,0.4166666666666667,227,32,36,18.9,24,24,23.3,3765,216,-3,811,107.95,24,141.39,279,5.93,78,289,4.64,4,4,7.826989619377162,140,0.4286,23,160,32,2688,27,4.57,7.804347826086956,1955,43,673,5,0.8889,17,1841,36,692,3.99,0.6389,0.3714,39,1077,187,8,10,10,15,7,9,12,45,0.5556,1991,11,80,89,182,0.8889,15,42,2030.5,62,5,4103,1561.92,145,0,19,63,19.21,0,73,365,138,149,23,15,5,13,346,204,45.47,102,36,6.0,38,1.0,0,581,10,0.6,2262,0.9690000000000001,13,17,14.6,0,0.769,44.24,52,1,0,403,13.18
Boise State,12,2,0.8571428571428571,522,56,64,37.3,65,65,22.6,6524,328,4,970,141.75,43,137.94,316,5.63,91,451,6.73,7,7,7.494456762749445,207,0.4946,15,152,33,3365,38,3.78,7.612048192771084,2925,66,555,23,0.75,20,1712,44,904,6.06,0.6818000000000001,0.38159999999999994,154,3159,273,9,7,7,18,25,13,24,49,0.5,2128,12,143,95,184,0.875,19,109,1911.64,261,22,5092,1688.36,176,2,40,92,22.23,0,491,889,415,32,15,12,5,17,647,241,44.32,129,22,4.36,76,1.0,1,737,10,0.722,3380,0.973,16,22,22.32,1,0.625,43.43,79,1,0,453,14.67
Colorado State,8,5,0.6153846153846154,317,34,44,24.4,33,33,25.8,5039,233,1,853,130.37,20,131.85,335,5.79,65,428,5.91,10,10,7.128504672897196,183,0.36310000000000003,21,103,35,2186,30,4.54,7.315384615384615,2407,59,463,16,0.8537,26,2077,41,885,4.72,0.6207,0.3934,113,2853,262,11,10,10,20,18,14,20,61,0.6,2430,18,18,101,179,0.7726999999999999,18,248,1875.69,236,19,5128,1714.38,44,0,22,87,20.73,1,345,456,390,175,18,18,10,24,669,260,40.8,135,29,13.78,84,1.0,0,730,12,0.7,3051,1.0,17,17,18.16,0,0.706,39.84,72,0,2,457,2.44
Fresno State,6,7,0.46153846153846156,339,39,47,26.1,39,38,24.8,4428,245,3,815,139.53,21,113.31,323,4.9,64,469,5.43,15,15,5.99360341151386,190,0.3951,14,73,42,1276,37,3.82,7.296296296296297,2307,55,383,20,0.8077,14,1812,52,943,3.33,0.4211,0.35259999999999997,141,3152,256,5,14,14,20,20,13,21,59,0.5676,2375,11,297,111,162,0.8298000000000001,21,240,1649.62,300,23,4623,1950.38,142,1,26,90,20.5,2,336,533,432,214,8,9,3,31,711,271,41.95,129,19,12.0,80,0.9740000000000001,0,820,17,0.65,2811,1.0,19,31,14.61,1,0.895,40.25,67,1,1,474,12.91
Hawai'i,5,7,0.4166666666666667,268,35,42,22.3,32,32,26.0,4390,249,-8,820,126.83,7,136.43,312,5.71,60,366,5.35,6,6,6.926229508196721,166,0.37270000000000003,20,71,38,1172,18,4.67,6.704166666666667,2374,55,340,25,0.8636,9,1988,44,792,3.45,0.5455,0.4036,150,3218,239,5,15,15,16,11,12,18,49,0.7778,2184,21,29,102,161,0.8332999999999999,14,159,1820.83,286,20,4523,1780.58,195,0,31,83,14.58,1,298,452,480,209,12,10,4,31,844,244,43.16,111,22,14.45,96,1.0,0,820,13,0.75,2535,0.972,18,28,14.9,0,0.722,44.57,67,0,1,426,9.29
Nevada,3,10,0.23076923076923078,300,34,38,23.1,38,37,28.8,4889,253,-2,828,143.69,21,129.04,374,6.04,75,347,5.9,11,11,7.4409221902017295,165,0.4464,31,114,48,2125,11,5.05,7.551912568306011,1683,41,462,19,0.8726999999999999,11,2507,55,843,4.6,0.5172,0.5273,117,2764,210,2,8,8,8,10,5,13,48,0.6364,1937,7,91,135,168,0.8946999999999999,7,74,1851.77,247,34,5089,1737.85,37,1,28,70,19.46,0,612,545,366,56,15,16,7,36,935,297,41.05,126,29,7.4,99,0.9740000000000001,0,639,17,0.625,2582,1.0,20,22,18.0,0,0.85,40.35,87,0,0,496,5.29
New Mexico,5,7,0.4166666666666667,402,44,48,33.5,42,41,38.0,5811,298,-9,846,121.56,37,159.19,456,6.81,65,396,6.87,3,3,8.45959595959596,164,0.4362,27,149,45,3043,21,5.42,7.097435897435897,1507,36,456,12,0.9375,17,2555,48,867,6.67,0.7222,0.5,125,2768,256,7,12,12,18,9,13,30,41,0.619,1750,16,3,127,149,0.9167000000000001,13,88,1732.92,226,19,5905,1868.5,208,0,31,84,23.68,1,348,734,390,109,13,16,7,29,978,296,41.86,140,18,9.78,112,0.976,0,785,15,0.722,3350,1.0,20,24,18.32,0,0.75,42.68,82,1,1,471,13.0
San Diego State,3,9,0.25,256,30,38,21.3,27,26,29.6,4015,222,3,799,126.61,13,144.06,355,5.93,64,343,5.03,7,7,7.489795918367347,169,0.3616,25,83,42,1547,25,4.89,6.581333333333333,1887,48,424,15,0.9129999999999999,11,2487,46,852,3.65,0.5313,0.47340000000000004,114,2468,223,5,8,8,17,18,14,21,60,0.56,2699,21,213,135,177,0.7895,14,108,1628.33,234,28,5056,1976.08,115,2,19,78,16.05,1,561,305,375,68,17,6,1,31,981,279,39.31,113,32,6.0,109,0.963,0,766,9,0.8240000000000001,2569,0.955,14,25,20.04,0,0.643,44.98,80,0,0,509,5.48
San Jose State,7,6,0.5384615384615384,369,39,48,28.4,45,45,27.5,5328,284,-1,876,133.64,13,122.55,358,5.05,67,435,6.08,21,21,6.958620689655173,210,0.39880000000000004,25,71,43,1145,32,3.52,7.577898550724638,2313,52,324,31,0.7963,15,1921,54,980,3.53,0.5294,0.4619,180,4183,268,7,16,16,17,8,12,16,57,0.5,2376,16,145,124,168,0.8125,16,52,1581.23,316,22,4948,2011.38,110,2,32,106,20.88,1,399,668,552,342,9,24,13,22,784,279,44.48,133,17,6.5,91,1.0,0,977,16,0.706,3027,0.976,20,33,18.14,1,0.8,41.68,97,0,0,545,6.88
UNLV,11,3,0.7857142857142857,495,57,71,35.4,59,58,21.3,5826,296,14,932,146.13,29,117.08,298,5.04,79,517,6.25,17,17,6.386847195357833,201,0.401,17,166,31,3409,35,3.52,7.82200647249191,3092,77,623,25,0.8158,12,1610,38,974,5.47,0.6957,0.3234,106,2417,296,6,6,6,34,34,27,20,55,0.6,2394,15,218,94,197,0.8028,21,406,1812.21,178,29,4912,1791.57,74,1,23,90,17.3,1,580,398,309,119,16,13,3,27,689,277,40.16,156,23,11.94,78,0.983,1,844,11,0.794,3302,1.0,14,24,20.0,0,0.7859999999999999,43.53,65,0,2,457,4.93
Utah State,4,8,0.3333333333333333,383,41,48,31.9,47,45,37.8,5612,270,-6,880,136.89,21,150.38,453,6.48,70,393,6.38,13,13,7.804071246819339,169,0.4,27,108,54,2383,17,5.38,7.050218340611353,2118,50,422,29,0.9309999999999999,11,2574,58,871,5.65,0.5185,0.4379,140,3229,267,3,17,17,16,16,10,28,55,0.7059000000000001,2339,13,114,112,175,0.8542000000000001,12,139,1639.33,294,25,5641,1960.58,63,1,20,90,22.0,0,479,440,458,120,14,10,5,21,885,281,42.36,148,27,8.69,94,0.9570000000000001,0,713,20,0.625,3067,0.98,22,22,19.16,1,0.909,42.53,74,0,0,478,4.85
Wyoming,3,9,0.25,232,29,32,19.3,25,25,28.3,3927,208,-5,807,111.3,14,138.15,340,6.47,66,342,4.87,6,6,7.681286549707602,143,0.36460000000000004,21,86,36,1654,22,5.48,6.550432276657061,2403,55,460,11,0.9473999999999999,12,2300,38,762,3.6,0.6,0.2587,97,2273,211,5,11,11,19,9,15,16,66,0.5,2665,18,37,104,181,0.9063,11,29,1852.08,181,21,4927,1747.92,102,1,19,85,23.37,2,532,444,347,142,15,18,5,18,598,239,43.69,117,25,3.22,66,1.0,1,706,18,0.789,2627,1.0,24,25,25.33,1,0.75,40.38,37,0,0,420,5.67
Oregon State,5,7,0.4166666666666667,291,33,41,24.3,33,33,29.9,4687,268,-4,844,116.71,29,140.48,359,6.52,76,317,5.55,5,5,8.10410094637224,131,0.4393,26,133,43,2270,15,5.32,6.713888888888889,1415,34,484,7,0.8112999999999999,11,2230,53,736,4.69,0.5238,0.45039999999999997,110,2417,190,7,11,11,15,8,10,15,34,0.4667,1570,16,88,116,173,0.8049,7,27,1989.25,216,19,4799,1610.75,90,1,6,62,18.83,3,373,113,360,122,22,14,5,17,548,249,41.62,116,42,3.38,61,1.0,0,594,16,0.667,2569,1.0,19,25,19.63,0,0.8420000000000001,46.18,59,0,0,419,5.63
Washington State,8,5,0.6153846153846154,476,42,50,36.6,58,56,29.9,5757,298,8,869,164.26,28,135.18,389,6.3,65,486,6.62,14,14,7.2366255144032925,171,0.42210000000000003,23,118,43,2168,29,5.24,8.99498746867168,1825,45,470,33,0.8431000000000001,17,2237,51,913,4.61,0.5556,0.386,154,3589,307,8,9,9,13,13,8,25,41,0.5517,1714,9,263,110,154,0.84,16,93,1737.92,263,27,5754,1862.08,113,3,26,95,19.12,0,612,497,399,76,15,11,5,28,752,297,40.56,159,27,7.15,80,0.966,0,753,19,0.615,3517,1.0,23,26,22.67,0,0.826,41.8,66,0,1,427,12.56
Alabama,9,4,0.6923076923076923,439,40,47,33.8,57,57,17.4,5333,271,7,842,146.4,41,112.37,226,4.72,78,395,6.33,17,17,5.99746835443038,189,0.4727,10,126,29,2260,23,3.68,8.680790960451978,2759,63,488,17,0.7837999999999999,20,1792,37,882,4.63,0.5,0.32799999999999996,127,3073,236,11,11,11,10,25,8,13,52,0.6522,2359,8,242,100,165,0.8511,15,224,1746.46,226,14,4161,1838.46,8,0,26,75,18.38,2,282,478,354,200,8,19,10,33,898,245,43.79,112,16,8.96,95,1.0,0,622,17,0.8,2369,0.95,26,18,20.14,0,0.654,45.37,62,0,0,487,1.0
Arkansas,7,6,0.5384615384615384,402,46,54,30.9,49,49,25.0,5973,314,-8,908,142.45,34,139.05,325,5.55,72,418,6.58,10,10,7.679425837320574,181,0.4364,15,149,38,2402,31,3.63,8.6256038647343,2408,61,494,16,0.8085,11,1679,47,881,4.86,0.6087,0.3591,150,3571,259,5,9,9,24,11,17,22,41,0.5161,1855,9,135,85,165,0.8519,16,68,1824.54,255,15,4889,1775.38,52,0,20,85,22.25,1,244,445,414,197,14,30,14,31,778,259,39.48,143,23,6.18,93,1.0,0,701,15,0.708,3210,1.0,18,15,16.27,0,0.833,45.24,65,0,0,463,5.78
Auburn,5,7,0.4166666666666667,333,32,41,27.8,41,41,21.3,5153,252,-9,773,151.53,13,123.54,256,4.88,61,354,6.67,8,8,7.220338983050848,184,0.4178,18,108,29,1986,19,3.08,8.582655826558266,2645,61,404,27,0.7837999999999999,14,1413,37,813,4.92,0.47369999999999995,0.3967,127,3167,199,5,13,13,22,19,12,12,41,0.5263,1741,8,58,90,146,0.7805,10,130,1633.83,230,23,3969,1916.17,30,0,16,78,20.5,1,509,328,369,114,9,15,9,22,592,213,43.36,101,19,6.84,69,1.0,0,642,13,0.545,2556,1.0,22,17,22.13,0,0.591,42.46,73,0,1,459,3.75
Florida,8,5,0.6153846153846154,368,44,51,28.3,44,44,23.1,5030,250,6,803,142.06,26,124.42,300,5.25,61,421,6.26,14,14,7.02375296912114,184,0.3789,17,113,29,2096,29,3.79,8.578947368421053,2336,54,461,18,0.725,24,1943,40,933,4.55,0.4667,0.3967,119,2934,244,11,14,14,21,14,18,18,59,0.5172,2699,17,167,121,161,0.8626999999999999,15,187,1714.38,208,15,4900,1883.0,119,1,15,63,22.53,1,305,338,342,238,7,14,5,24,702,282,43.26,137,15,13.36,77,1.0,0,573,14,0.857,2957,0.97,21,18,20.33,1,0.667,45.75,73,0,0,512,7.0
Georgia,11,3,0.7857142857142857,441,54,60,31.5,48,48,20.6,5676,306,-1,942,143.5,24,121.27,288,5.05,69,426,6.03,8,8,6.57981220657277,195,0.392,14,102,34,1742,31,3.71,7.668615984405458,2738,64,429,29,0.8095,18,1815,42,915,4.06,0.6667000000000001,0.3282,181,3934,251,11,13,13,23,21,21,14,46,0.5484,2157,11,23,98,176,0.9,17,168,1805.29,336,12,4618,1794.36,57,0,21,89,21.43,0,186,450,513,156,18,24,7,27,751,249,42.78,124,27,8.0,80,1.0,0,690,27,0.9129999999999999,2803,1.0,32,23,15.5,1,0.8440000000000001,46.89,64,0,0,489,5.18
Kentucky,4,8,0.3333333333333333,247,27,34,20.6,27,26,22.1,3965,233,-7,755,118.22,11,133.28,265,5.8,48,279,5.25,10,10,7.899641577060932,142,0.33799999999999997,20,115,34,1747,9,4.45,7.108974358974359,2232,49,443,15,0.7082999999999999,19,1942,48,715,3.94,0.44,0.4014,91,2218,177,6,17,17,16,16,15,9,44,0.6667000000000001,1937,12,99,104,142,0.7940999999999999,6,130,1770.67,167,30,4146,1702.75,39,1,16,81,17.81,2,613,285,312,268,11,25,6,17,625,215,45.55,94,25,8.13,75,0.963,1,662,14,0.938,2204,1.0,20,27,20.43,0,0.7,44.02,57,0,0,436,3.25
LSU,9,4,0.6923076923076923,396,44,53,30.5,42,41,24.3,5610,306,-3,907,142.29,15,131.9,316,5.88,92,380,6.19,6,6,7.673684210526316,161,0.49200000000000005,26,79,31,1513,24,4.28,7.6722846441947565,2187,48,373,29,0.7561,21,1821,41,805,4.06,0.5,0.40990000000000004,197,4097,232,8,12,12,29,14,23,11,32,0.3333,1266,9,62,100,187,0.8301999999999999,8,66,1923.77,344,29,4737,1676.23,75,1,8,92,22.38,0,801,179,534,100,12,10,5,17,645,242,45.56,125,24,4.71,82,0.976,2,832,17,0.7929999999999999,2916,1.0,21,30,27.62,0,0.81,39.56,66,0,0,425,8.33
Mississippi,10,3,0.7692307692307693,502,49,61,38.6,60,58,14.4,6845,322,10,934,176.59,29,120.33,187,4.48,71,447,7.33,12,12,6.7114093959731544,204,0.4226,7,129,23,2284,37,2.29,10.509216589861751,3269,76,500,31,0.7188,19,1046,32,903,4.57,0.5861999999999999,0.3186,176,4561,267,11,7,7,29,21,24,13,36,0.5135000000000001,1676,11,85,76,168,0.8033,19,126,1703.0,295,7,4046,1894.77,61,1,11,80,23.27,0,141,256,434,69,17,12,6,33,936,242,43.01,133,29,6.0,94,0.9670000000000001,0,699,14,0.828,3000,0.95,17,17,20.14,1,0.8240000000000001,46.56,65,0,0,456,5.55
Mississippi State,2,10,0.16666666666666666,310,33,41,25.8,39,38,34.1,4526,244,-6,787,136.65,19,159.33,409,6.34,59,341,5.75,7,7,8.428152492668621,165,0.3688,24,94,49,1655,19,4.98,7.801630434782608,1505,37,419,19,0.8595999999999999,12,2603,57,864,3.95,0.5676,0.4727,122,2871,240,5,8,8,12,18,10,23,44,0.7368000000000001,1971,14,72,130,160,0.8049,14,163,1541.33,215,12,5477,2058.67,132,1,10,75,16.9,0,308,169,368,59,21,20,10,21,723,286,40.68,135,37,9.06,82,0.9740000000000001,0,706,22,0.833,2874,1.0,25,28,25.67,0,0.88,44.8,78,0,1,523,9.43
Missouri,10,3,0.7692307692307693,376,46,50,28.9,37,36,20.4,5064,276,8,922,131.67,26,131.75,265,5.43,89,325,5.49,7,7,7.252307692307692,159,0.4635,15,137,30,2138,24,4.07,7.242574257425742,2562,61,518,14,0.8332999999999999,21,1771,36,760,4.13,0.5263,0.3019,120,2926,198,10,5,5,34,8,24,14,49,0.5,2047,11,161,93,192,0.92,12,37,1973.77,250,23,4128,1617.38,82,1,17,78,25.18,0,450,428,404,47,10,10,4,18,658,211,42.0,100,19,4.63,73,0.973,0,682,14,0.706,2357,1.0,18,19,19.57,1,0.778,41.78,48,0,0,435,7.45
Oklahoma,6,7,0.46153846153846156,312,37,45,24.0,33,32,21.5,4303,247,0,894,125.42,17,132.11,280,4.94,73,361,4.81,9,9,7.315789473684211,196,0.3782,11,120,31,2017,21,3.14,6.128686327077748,3121,69,521,16,0.8158,17,1496,38,837,3.87,0.5161,0.36219999999999997,100,2286,217,12,6,6,20,28,16,17,61,0.47619999999999996,2726,22,184,81,193,0.8222,10,223,1739.0,235,13,4137,1861.69,107,2,16,81,24.38,2,246,390,373,118,16,26,15,17,591,212,45.23,114,31,7.96,69,0.97,0,688,17,0.8,2641,0.9,22,27,18.92,1,0.773,44.69,71,0,0,476,4.86
South Carolina,9,4,0.6923076923076923,396,37,47,30.5,45,45,18.1,5301,280,3,893,152.99,26,115.16,235,4.84,77,397,5.94,14,14,6.692695214105793,177,0.4326,18,134,31,2397,23,3.21,8.491228070175438,2754,65,551,21,0.775,28,1459,40,851,4.35,0.48,0.35590000000000005,125,2904,229,10,7,7,21,18,15,10,48,0.3043,2277,18,173,95,178,0.7872,7,125,1868.85,224,16,4116,1731.0,72,2,24,77,16.67,0,308,400,342,73,12,25,14,22,754,235,42.37,118,25,6.94,87,1.0,0,645,15,0.7140000000000001,2657,0.9520000000000001,17,21,19.25,0,0.882,47.44,63,0,0,454,4.0
Tennessee,10,3,0.7692307692307693,464,52,63,35.7,56,56,16.1,5811,304,6,958,142.46,34,116.28,209,4.56,93,381,6.07,12,12,6.459317585301838,175,0.4721,13,151,27,2936,22,2.97,7.68716577540107,3136,72,584,21,0.7297,24,1351,37,836,5.03,0.6111,0.3029,135,2875,224,9,7,7,26,27,20,11,53,0.3182,2329,17,247,86,197,0.8254,7,424,1774.15,236,14,3812,1825.15,115,1,10,89,22.9,1,290,229,374,256,11,18,8,25,869,225,43.56,114,18,15.7,105,1.0,0,691,10,0.769,2461,0.955,19,18,20.71,1,0.526,43.94,53,0,1,455,6.76
Texas,13,3,0.8125,528,55,69,33.0,66,66,15.3,7000,354,5,1127,154.46,26,104.55,245,4.4,92,489,6.21,22,22,5.6871165644171775,226,0.4299,15,138,27,2540,37,3.24,8.243992606284658,3498,81,586,40,0.6923,24,1754,39,1031,4.33,0.5455,0.31420000000000003,188,4460,292,9,14,14,25,30,16,9,51,0.4865,2080,17,182,104,214,0.7970999999999999,18,315,1791.63,357,15,4535,1810.13,122,1,23,90,16.57,1,294,381,541,130,18,25,12,24,829,263,43.19,135,33,10.5,102,1.0,0,765,18,0.64,2781,1.0,25,28,19.6,0,0.72,40.78,71,0,1,542,7.18
Texas A&M,8,5,0.6153846153846154,395,48,53,30.4,47,47,22.2,5275,279,5,887,134.72,27,120.44,289,5.49,79,428,5.95,16,16,7.0514018691588785,181,0.4514,14,126,33,2541,29,3.98,7.573407202216067,2340,58,526,19,0.8684000000000001,10,1757,38,870,4.83,0.44439999999999996,0.35359999999999997,132,2734,228,4,11,11,24,15,20,20,47,0.5172,2064,4,249,102,175,0.9057,15,58,1902.54,216,15,4775,1699.69,33,2,23,81,23.22,0,308,534,361,45,8,9,4,30,862,255,40.34,123,18,3.87,98,1.0,0,673,17,0.833,3018,1.0,24,21,20.53,0,0.708,43.91,64,0,0,442,8.25
Vanderbilt,7,6,0.5384615384615384,355,42,45,27.3,40,39,23.4,4139,236,9,779,143.21,18,149.51,304,6.0,75,389,5.31,10,10,7.876606683804627,162,0.44380000000000003,13,105,32,1817,15,4.29,7.6381578947368425,1891,46,475,21,0.8421,13,1830,38,816,3.83,0.5714,0.4753,106,2322,265,6,4,4,21,18,18,24,51,0.5333,2450,16,126,105,169,0.9333,8,265,1863.15,179,19,4894,1736.85,178,2,32,89,17.97,0,448,575,304,16,8,12,3,21,707,268,41.11,142,14,14.72,73,0.975,1,764,14,0.857,3064,1.0,21,25,23.58,0,0.667,48.04,77,0,1,427,11.13
Appalachian State,5,6,0.45454545454545453,293,33,46,26.6,32,32,32.9,4695,262,-9,779,131.16,13,159.73,362,6.55,62,282,6.03,4,4,8.379432624113475,125,0.43060000000000004,24,104,36,1692,15,5.29,7.660714285714286,1509,36,387,23,0.9231,16,2174,39,693,4.37,0.5909,0.456,134,3003,194,9,16,16,14,6,11,20,40,0.4,1620,20,21,118,144,0.7173999999999999,6,69,1807.0,218,25,4537,1785.45,170,0,27,77,18.37,2,500,496,392,213,13,10,6,22,626,236,41.92,96,22,11.5,66,1.0,0,702,14,0.7859999999999999,2363,0.955,16,24,20.0,0,0.875,40.5,57,0,1,411,8.5
Arkansas State,8,5,0.6153846153846154,336,41,45,25.8,33,33,32.2,4997,284,2,930,127.86,18,145.49,418,6.88,80,389,5.37,14,14,8.3573264781491,162,0.4082,32,113,43,2040,21,5.7,6.6900452488687785,1984,47,488,19,0.8776,16,2752,49,872,4.18,0.75,0.4753,144,2957,245,6,10,10,25,15,21,23,58,0.6667000000000001,2483,15,107,135,196,0.9111,14,277,1743.08,274,32,6003,1856.54,147,0,31,94,17.77,0,631,551,442,47,15,13,8,24,672,297,42.21,138,20,18.47,73,1.0,0,762,12,0.84,3251,0.963,15,27,19.72,0,0.8,42.81,77,0,2,483,9.8
Coastal Carolina,6,7,0.46153846153846156,373,39,48,28.7,45,45,31.6,4858,235,5,843,127.78,21,139.82,411,5.97,65,389,5.76,11,11,7.611825192802057,185,0.3824,22,109,48,2242,27,4.72,7.286908077994429,1877,43,484,20,0.9231,21,2419,52,901,4.63,0.3478,0.4378,103,2616,238,11,11,11,19,9,16,24,56,0.5556,2303,14,167,129,170,0.8125,15,88,1729.46,195,24,5380,1870.54,68,2,25,82,25.32,1,414,633,359,107,8,15,6,19,829,273,43.65,125,23,9.78,90,1.0,0,681,23,0.8420000000000001,2961,1.0,26,23,17.25,1,0.885,41.13,81,0,0,512,4.86
Georgia Southern,8,5,0.6153846153846154,364,41,44,28.0,39,37,27.6,4750,283,-3,893,133.62,24,137.6,359,6.3,81,438,5.32,13,13,7.675799086757991,173,0.4551,23,109,40,1659,19,4.94,6.930493273542601,2095,51,447,21,0.8332999999999999,16,2210,48,885,3.71,0.75,0.4682,139,3091,277,6,11,11,18,14,15,21,58,0.36840000000000006,2479,14,136,105,178,0.9318000000000001,7,95,1830.15,289,34,5572,1769.38,65,1,20,110,16.75,2,723,335,446,130,12,22,11,14,628,273,41.08,154,16,6.79,73,0.9490000000000001,0,1007,13,0.833,3362,0.977,19,35,21.26,0,0.684,42.74,81,0,0,447,4.64
Georgia State,3,9,0.25,286,31,39,23.8,30,30,33.8,4668,249,-2,814,127.41,13,145.09,406,6.23,57,323,5.73,9,9,7.739938080495356,153,0.35850000000000004,28,83,44,1599,17,5.23,6.835189309576838,1869,46,365,21,0.8626999999999999,12,2524,51,806,4.38,0.3846,0.451,142,3069,204,8,13,13,21,12,16,22,52,0.7059000000000001,2277,25,45,129,159,0.7948999999999999,12,24,1798.33,271,31,5024,1801.67,475,0,11,79,18.09,1,518,199,449,138,10,14,6,18,589,265,40.63,118,26,2.0,61,1.0,0,700,12,0.762,2500,1.0,14,24,16.71,0,0.857,43.79,69,1,0,483,19.0
James Madison,9,4,0.6923076923076923,433,43,50,33.3,48,45,20.5,5299,269,20,902,144.6,20,111.48,266,4.87,76,429,5.87,17,17,6.256410256410256,186,0.4108,13,130,27,2490,33,3.49,7.353403141361256,2668,67,520,28,0.7940999999999999,19,1500,34,859,4.79,0.37929999999999997,0.3226,122,2809,234,12,4,4,23,22,18,16,53,0.5152,2119,18,265,86,185,0.86,17,187,1908.15,232,21,4184,1691.85,140,4,23,68,22.7,1,518,522,382,34,11,11,5,19,708,227,39.82,122,29,8.5,91,0.938,1,587,12,0.7829999999999999,2684,0.963,13,17,24.67,0,0.9229999999999999,39.98,60,2,1,430,7.78
Louisiana-Lafayette,10,4,0.7142857142857143,433,55,60,30.9,47,46,24.1,5812,290,10,896,149.53,26,123.74,338,5.38,72,430,6.49,16,16,6.323255813953488,179,0.4235,20,114,46,2330,20,4.53,8.451456310679612,2311,55,484,22,1.0,10,2159,46,907,4.81,0.6154,0.44689999999999996,150,3482,273,5,9,9,32,18,29,19,36,0.75,1410,4,122,131,170,0.9167000000000001,15,97,1878.0,269,32,4878,1722.07,28,1,41,75,19.1,1,829,783,412,57,16,7,2,19,683,282,42.02,132,26,5.39,82,0.9790000000000001,1,647,17,0.9059999999999999,2719,0.972,21,26,25.91,1,0.81,39.17,80,0,0,477,7.0
Louisiana-Monroe,5,7,0.4166666666666667,252,26,28,21.0,29,28,28.8,3653,185,-1,702,114.68,17,126.88,345,5.61,50,327,5.2,6,6,6.749235474006116,154,0.3268,27,99,41,2036,23,4.86,6.573170731707317,1822,44,456,11,0.9111,16,2401,45,821,4.46,0.64,0.4351,67,1617,192,8,12,12,17,6,14,15,58,0.4783,2276,11,56,145,153,0.9286,11,63,1846.75,134,8,4608,1753.33,59,1,36,79,20.19,0,121,727,246,115,16,15,3,15,519,256,41.41,96,25,10.5,71,0.966,0,637,14,0.8240000000000001,2207,0.951,17,19,15.13,0,0.8240000000000001,39.24,67,0,0,494,5.36
Marshall,10,3,0.7692307692307693,414,41,50,31.8,48,48,23.1,4976,258,10,842,142.0,21,120.39,300,5.41,67,382,5.91,13,13,6.774869109947644,187,0.39640000000000003,21,136,30,2622,39,4.42,7.069069069069069,2620,63,509,27,0.7895,18,2327,38,909,5.15,0.5882000000000001,0.3155,101,2354,219,7,4,4,25,17,18,15,57,0.6154,2423,11,55,120,169,0.82,24,121,1698.69,194,33,4915,1901.31,158,2,16,91,19.0,0,832,304,333,13,10,14,6,19,566,257,41.59,118,17,7.12,70,1.0,0,798,14,0.72,2588,1.0,17,21,25.21,0,0.8240000000000001,42.51,59,1,0,527,14.36
Old Dominion,5,7,0.4166666666666667,336,38,40,28.0,42,37,28.0,4832,236,-3,814,128.4,27,138.94,336,5.73,75,374,5.94,12,12,7.6310160427807485,182,0.431,18,116,32,2517,16,4.27,6.951951951951952,2341,57,481,17,0.8205,18,2071,39,859,5.23,0.6364,0.4341,106,2315,228,5,9,9,12,19,11,23,68,0.5,2772,18,143,116,174,0.95,8,107,1679.75,195,22,4925,1920.25,71,0,37,71,19.51,0,334,722,333,29,7,21,11,22,650,256,41.07,118,11,5.63,74,0.8809999999999999,0,590,14,0.917,2854,0.919,21,14,15.18,0,0.667,40.76,79,0,0,485,3.94
South Alabama,7,6,0.5384615384615384,447,47,55,34.4,53,50,25.2,5748,281,8,840,147.61,32,134.21,327,5.74,59,430,6.84,16,16,7.523255813953488,183,0.3856,19,131,39,2583,25,4.06,8.09462915601023,2292,56,449,21,0.8125,12,1848,48,885,5.75,0.7,0.38799999999999996,134,3165,278,4,6,6,19,14,17,18,54,0.52,2137,15,367,101,153,0.8545,13,204,1765.54,254,16,5083,1834.46,80,3,44,70,20.45,1,246,900,391,91,14,12,6,29,927,274,40.93,144,20,14.57,107,0.943,0,628,19,0.895,3235,0.971,21,16,15.38,0,0.905,39.57,71,1,1,455,5.33
Southern Mississippi,1,11,0.08333333333333333,183,22,30,15.3,18,15,37.8,3402,185,-19,729,104.55,13,154.02,453,6.78,38,321,4.67,6,6,8.093457943925234,156,0.25,31,84,47,1303,18,5.89,6.621451104100946,1778,46,412,7,0.8868,12,2792,53,795,3.16,0.44439999999999996,0.42310000000000003,75,2099,209,4,17,17,16,9,10,24,61,0.7222,2714,25,115,131,152,0.7333,13,39,1642.67,166,22,5390,1832.67,132,1,17,74,23.53,2,414,400,317,199,12,20,12,14,579,261,38.65,116,27,4.33,72,0.833,0,659,16,0.625,2598,0.948,20,26,18.82,1,0.8,44.49,66,0,0,474,5.28
Texas State,8,5,0.6153846153846154,475,43,52,36.5,56,54,24.5,6200,339,-5,957,155.41,27,122.02,319,5.29,78,401,6.48,9,9,6.957605985037406,184,0.4561,24,157,36,2707,28,3.89,8.142191142191143,2658,63,528,31,0.8371999999999999,23,1859,43,879,5.13,0.6522,0.3696,161,3493,230,9,14,14,19,21,15,13,39,0.5357,1445,1,120,101,171,0.8269,15,351,1871.85,299,27,4649,1728.15,5,1,12,82,18.75,1,583,225,429,170,15,19,9,29,834,256,42.19,126,23,16.71,88,0.9640000000000001,0,632,18,0.789,2790,1.0,20,21,21.59,0,0.9,37.05,68,0,1,478,5.0
Troy,4,8,0.3333333333333333,312,35,37,26.0,37,35,28.4,4430,244,-7,775,141.3,17,143.46,341,5.97,81,332,5.72,6,6,8.009036144578314,142,0.5031,24,105,39,1874,13,4.31,7.539823008849558,1828,45,436,21,0.907,7,1744,43,737,4.3,0.4706,0.36619999999999997,121,2556,222,3,9,9,13,12,11,13,46,0.46149999999999997,1686,7,80,88,161,0.9459000000000001,6,159,1817.17,213,19,4403,1782.83,56,1,17,69,28.71,1,306,488,339,100,8,17,7,35,706,230,40.62,107,17,13.25,80,0.946,0,623,22,0.846,2659,0.943,25,18,16.11,1,0.88,36.65,52,0,1,405,8.0
