year,conf,WTeamName,WScore,LTeamName,LScore
2025,B1G,Oregon,34,Northwestern,14
2025,B1G,USC,33,Purdue,17
2025,B1G,Iowa,38,Rutgers,28
2025,B1G,Indiana,63,Illinois,10
2025,B1G,Michigan,30,Nebraska,27
2025,B1G,USC,45,Michigan_St,31
2025,B1G,Maryland,27,Wisconsin,10
2025,B1G,Illinois,34,USC,32
2025,B1G,Indiana,20,Iowa,15
2025,B1G,Minnesota,31,Rutgers,28
2025,B1G,Northwestern,17,UCLA,14
2025,B1G,Oregon,30,Penn_St,24
2025,B1G,Ohio_St,24,Washington,6
2025,B1G,Washington,24,Maryland,20
2025,B1G,Michigan,24,Wisconsin,10
2025,B1G,Nebraska,38,Michigan_St,27
2025,B1G,Ohio_St,42,Minnesota,3
2025,B1G,Illinois,43,Purdue,27
2025,B1G,UCLA,42,Penn_St,37
2025,B1G,Washington,38,Rutgers,19
2025,B1G,Ohio_St,34,Illinois,16
2025,B1G,Nebraska,34,Maryland,31
2025,B1G,UCLA,38,Michigan_St,13
2025,B1G,Minnesota,27,Purdue,20
2025,B1G,Indiana,30,Oregon,20
2025,B1G,Northwestern,22,Penn_St,21
2025,B1G,USC,31,Michigan,13
2025,B1G,Iowa,37,Wisconsin,0
2025,B1G,Minnesota,24,Nebraska,6
2025,B1G,Indiana,38,Michigan_St,13
2025,B1G,Iowa,25,Penn_St,24
2025,B1G,Michigan,24,Washington,7
2025,B1G,Northwestern,19,Purdue,0
2025,B1G,Oregon,56,Rutgers,10
2025,B1G,UCLA,20,Maryland,17
2025,B1G,Ohio_St,34,Wisconsin,0
2025,B1G,Indiana,56,UCLA,6
2025,B1G,Iowa,41,Minnesota,3
2025,B1G,Michigan,31,Michigan_St,20
2025,B1G,Nebraska,28,Northwestern,21
2025,B1G,Oregon,21,Wisconsin,7
2025,B1G,Rutgers,27,Purdue,24
2025,B1G,Washington,42,Illinois,25
2025,B1G,Illinois,35,Rutgers,13
2025,B1G,Indiana,55,Maryland,10
2025,B1G,Michigan,21,Purdue,16
2025,B1G,Minnesota,23,Michigan_St,20
2025,B1G,USC,21,Nebraska,17
2025,B1G,Ohio_St,38,Penn_St,14
2025,B1G,USC,38,Northwestern,17
2025,B1G,Oregon,18,Iowa,16
2025,B1G,Indiana,27,Penn_St,24
2025,B1G,Ohio_St,34,Purdue,10
2025,B1G,Rutgers,35,Maryland,20
2025,B1G,Nebraska,28,UCLA,21
2025,B1G,Wisconsin,13,Washington,10
2024,B1G,Michigan_St,27,Maryland,24
2024,B1G,Indiana,42,UCLA,13
2024,B1G,Illinois,31,Nebraska,24
2024,B1G,Michigan,27,USC,24
2024,B1G,Washington,24,Northwestern,5
2024,B1G,Iowa,31,Minnesota,14
2024,B1G,Rutgers,21,Washington,18
2024,B1G,Penn_St,21,Illinois,7
2024,B1G,USC,38,Wisconsin,21
2024,B1G,Indiana,42,Maryland,28
2024,B1G,Michigan,27,Minnesota,24
2024,B1G,Ohio_St,38,Michigan_St,7
2024,B1G,Nebraska,28,Purdue,10
2024,B1G,Oregon,34,UCLA,13
2024,B1G,Oregon,31,Michigan_St,10
2024,B1G,Penn_St,27,UCLA,11
2024,B1G,Nebraska,14,Rutgers,7
2024,B1G,Minnesota,24,USC,17
2024,B1G,Washington,27,Michigan,17
2024,B1G,Wisconsin,52,Purdue,6
2024,B1G,Indiana,41,Northwestern,24
2024,B1G,Ohio_St,35,Iowa,7
2024,B1G,Northwestern,37,Maryland,10
2024,B1G,Illinois,50,Purdue,49
2024,B1G,Penn_St,33,USC,30
2024,B1G,Wisconsin,42,Rutgers,7
2024,B1G,Iowa,40,Washington,16
2024,B1G,Minnesota,21,UCLA,17
2024,B1G,Oregon,32,Ohio_St,31
2024,B1G,Oregon,35,Purdue,0
2024,B1G,UCLA,35,Rutgers,32
2024,B1G,Maryland,29,USC,28
2024,B1G,Wisconsin,23,Northwestern,3
2024,B1G,Illinois,21,Michigan,7
2024,B1G,Indiana,56,Nebraska,7
2024,B1G,Michigan_St,32,Iowa,20
2024,B1G,USC,42,Rutgers,20
2024,B1G,Oregon,38,Illinois,9
2024,B1G,Michigan,24,Michigan_St,17
2024,B1G,Penn_St,28,Wisconsin,13
2024,B1G,Indiana,31,Washington,17
2024,B1G,Iowa,40,Northwestern,14
2024,B1G,Minnesota,48,Maryland,23
2024,B1G,Ohio_St,21,Nebraska,17
2024,B1G,Ohio_St,20,Penn_St,13
2024,B1G,Washington,26,USC,21
2024,B1G,Iowa,42,Wisconsin,10
2024,B1G,Minnesota,25,Illinois,17
2024,B1G,Indiana,47,Michigan_St,10
2024,B1G,Oregon,38,Michigan,17
2024,B1G,UCLA,27,Nebraska,20
2024,B1G,Northwestern,26,Purdue,20
2024,B1G,UCLA,20,Iowa,17
2024,B1G,Penn_St,35,Washington,6
2024,B1G,Rutgers,26,Minnesota,19
2024,B1G,Indiana,20,Michigan,15
2024,B1G,Oregon,39,Maryland,18
2024,B1G,Ohio_St,45,Purdue,0
2024,B1G,Washington,31,UCLA,19
2024,B1G,Illinois,38,Michigan_St,16
2024,B1G,Penn_St,49,Purdue,10
2024,B1G,Rutgers,31,Maryland,17
2024,B1G,USC,28,Nebraska,20
2024,B1G,Oregon,16,Wisconsin,13
2024,B1G,Ohio_St,31,Northwestern,7
2024,B1G,Michigan_St,24,Purdue,17
2024,B1G,Illinois,38,Rutgers,31
2024,B1G,Penn_St,26,Minnesota,25
2024,B1G,USC,19,UCLA,13
2024,B1G,Nebraska,44,Wisconsin,25
2024,B1G,Ohio_St,38,Indiana,15
2024,B1G,Iowa,29,Maryland,13
2024,B1G,Michigan,50,Northwestern,6
2024,B1G,Minnesota,24,Wisconsin,7
2024,B1G,Iowa,13,Nebraska,10
2024,B1G,Illinois,38,Northwestern,28
2024,B1G,Penn_St,44,Maryland,7
2024,B1G,Rutgers,41,Michigan_St,14
2024,B1G,Oregon,49,Washington,21
2024,B1G,Indiana,66,Purdue,0
2024,B1G,Michigan,13,Ohio_St,10
2024,B1G,Oregon,45,Penn_St,37
2024,B1G,Ohio_St,41,Oregon,21
2024,ACC,Georgia_Tech,24,Florida_St,21
2024,ACC,Boston_College,28,Florida_St,13
2024,ACC,Syracuse,31,Georgia_Tech,28
2024,ACC,Virginia,31,Wake_Forest,30
2024,ACC,Stanford,26,Syracuse,24
2024,ACC,Florida_St,14,California,9
2024,ACC,Clemson,59,NC_State,35
2024,ACC,Louisville,31,Georgia_Tech,19
2024,ACC,Miami_FL,38,Virginia_Tech,34
2024,ACC,Clemson,40,Stanford,14
2024,ACC,Duke,21,North_Carolina,20
2024,ACC,SMU,42,Florida_St,16
2024,ACC,Miami_FL,39,California,38
2024,ACC,Georgia_Tech,24,Duke,14
2024,ACC,Pittsburgh,34,North_Carolina,24
2024,ACC,SMU,34,Louisville,27
2024,ACC,Virginia_Tech,31,Stanford,7
2024,ACC,Virginia,24,Boston_College,14
2024,ACC,Clemson,29,Florida_St,13
2024,ACC,Wake_Forest,34,NC_State,30
2024,ACC,Pittsburgh,17,California,15
2024,ACC,Syracuse,24,NC_State,17
2024,ACC,Clemson,49,Wake_Forest,14
2024,ACC,Georgia_Tech,41,North_Carolina,34
2024,ACC,Louisville,24,Virginia,20
2024,ACC,Virginia_Tech,42,Boston_College,21
2024,ACC,Duke,23,Florida_St,16
2024,ACC,NC_State,24,California,23
2024,ACC,SMU,40,Stanford,10
2024,ACC,Clemson,48,Virginia,31
2024,ACC,Miami_FL,52,Louisville,45
2024,ACC,Pittsburgh,41,Syracuse,13
2024,ACC,Louisville,31,Boston_College,27
2024,ACC,SMU,28,Duke,27
2024,ACC,Virginia_Tech,21,Georgia_Tech,6
2024,ACC,Miami_FL,36,Florida_St,14
2024,ACC,North_Carolina,41,Virginia,14
2024,ACC,Wake_Forest,27,Stanford,24
2024,ACC,Miami_FL,53,Duke,31
2024,ACC,SMU,48,Pittsburgh,25
2024,ACC,NC_State,59,Stanford,28
2024,ACC,Syracuse,38,Virginia_Tech,31
2024,ACC,Louisville,33,Clemson,21
2024,ACC,North_Carolina,35,Florida_St,11
2024,ACC,California,46,Wake_Forest,36
2024,ACC,Duke,29,NC_State,19
2024,ACC,Virginia,24,Pittsburgh,19
2024,ACC,Boston_College,37,Syracuse,31
2024,ACC,Clemson,24,Virginia_Tech,14
2024,ACC,Georgia_Tech,28,Miami_FL,23
2024,ACC,Syracuse,33,California,25
2024,ACC,Clemson,24,Pittsburgh,20
2024,ACC,SMU,38,Boston_College,28
2024,ACC,Stanford,38,Louisville,35
2024,ACC,North_Carolina,31,Wake_Forest,24
2024,ACC,Georgia_Tech,30,NC_State,29
2024,ACC,California,24,Stanford,21
2024,ACC,Duke,31,Virginia_Tech,28
2024,ACC,Louisville,37,Pittsburgh,9
2024,ACC,SMU,33,Virginia,7
2024,ACC,Boston_College,41,North_Carolina,21
2024,ACC,Miami_FL,42,Wake_Forest,14
2024,ACC,SMU,38,California,6
2024,ACC,Duke,23,Wake_Forest,17
2024,ACC,Boston_College,34,Pittsburgh,23
2024,ACC,Virginia_Tech,37,Virginia,17
2024,ACC,Syracuse,42,Miami_FL,38
2024,ACC,NC_State,35,North_Carolina,30
2024,ACC,Clemson,34,SMU,31
2024,SEC,South_Carolina,31,Kentucky,6
2024,SEC,Texas_A&M,33,Florida,20
2024,SEC,Georgia,13,Kentucky,12
2024,SEC,LSU,36,South_Carolina,33
2024,SEC,Florida,45,Mississippi_St,28
2024,SEC,Arkansas,24,Auburn,14
2024,SEC,Missouri,30,Vanderbilt,27
2024,SEC,Tennessee,25,Oklahoma,15
2024,SEC,Oklahoma,27,Auburn,21
2024,SEC,Texas_A&M,21,Arkansas,17
2024,SEC,Alabama,41,Georgia,34
2024,SEC,Kentucky,20,Mississippi,17
2024,SEC,Texas,35,Mississippi_St,13
2024,SEC,Georgia,31,Auburn,13
2024,SEC,Texas_A&M,41,Missouri,10
2024,SEC,Arkansas,19,Tennessee,14
2024,SEC,Mississippi,27,South_Carolina,3
2024,SEC,Vanderbilt,40,Alabama,35
2024,SEC,Tennessee,23,Florida,17
2024,SEC,Alabama,27,South_Carolina,25
2024,SEC,Georgia,41,Mississippi_St,31
2024,SEC,Vanderbilt,20,Kentucky,13
2024,SEC,LSU,29,Mississippi,26
2024,SEC,Texas,34,Oklahoma,3
2024,SEC,Florida,48,Kentucky,20
2024,SEC,Missouri,21,Auburn,17
2024,SEC,Tennessee,24,Alabama,17
2024,SEC,LSU,34,Arkansas,10
2024,SEC,Texas_A&M,34,Mississippi_St,24
2024,SEC,South_Carolina,35,Oklahoma,9
2024,SEC,Georgia,30,Texas,15
2024,SEC,Auburn,24,Kentucky,10
2024,SEC,Alabama,34,Missouri,0
2024,SEC,Texas,27,Vanderbilt,24
2024,SEC,Mississippi,26,Oklahoma,14
2024,SEC,Arkansas,58,Mississippi_St,25
2024,SEC,Texas_A&M,38,LSU,23
2024,SEC,Georgia,34,Florida,20
2024,SEC,Vanderbilt,17,Auburn,7
2024,SEC,Tennessee,28,Kentucky,18
2024,SEC,Mississippi,63,Arkansas,31
2024,SEC,South_Carolina,44,Texas_A&M,20
2024,SEC,Texas,49,Florida,17
2024,SEC,Missouri,30,Oklahoma,23
2024,SEC,Tennessee,33,Mississippi_St,14
2024,SEC,Alabama,42,LSU,13
2024,SEC,Mississippi,28,Georgia,10
2024,SEC,South_Carolina,28,Vanderbilt,7
2024,SEC,Florida,27,LSU,16
2024,SEC,South_Carolina,34,Missouri,30
2024,SEC,Georgia,31,Tennessee,17
2024,SEC,Texas,20,Arkansas,10
2024,SEC,Florida,24,Mississippi,17
2024,SEC,Auburn,43,Texas_A&M,41
2024,SEC,Missouri,39,Mississippi_St,20
2024,SEC,LSU,24,Vanderbilt,17
2024,SEC,Oklahoma,24,Alabama,3
2024,SEC,Texas,31,Kentucky,14
2024,SEC,Mississippi,26,Mississippi_St,14
2024,SEC,Alabama,28,Auburn,14
2024,SEC,Missouri,28,Arkansas,21
2024,SEC,Tennessee,36,Vanderbilt,23
2024,SEC,Texas,17,Texas_A&M,7
2024,SEC,LSU,37,Oklahoma,17
2024,SEC,Georgia,22,Texas,19
2024,Big12,Utah,23,Baylor,12
2024,Big12,Kansas_St,31,Arizona,7
2024,Big12,UCF,35,TCU,34
2024,Big12,Cincinnati,34,Houston,0
2024,Big12,Texas_Tech,30,Arizona_St,22
2024,Big12,Colorado,38,Baylor,31
2024,Big12,Utah,22,Oklahoma_St,19
2024,Big12,West_Virginia,32,Kansas,28
2024,Big12,BYU,38,Kansas_St,9
2024,Big12,Texas_Tech,44,Cincinnati,41
2024,Big12,Arizona,23,Utah,10
2024,Big12,Iowa_St,20,Houston,0
2024,Big12,BYU,34,Baylor,28
2024,Big12,TCU,38,Kansas,27
2024,Big12,Kansas_St,42,Oklahoma_St,20
2024,Big12,Colorado,48,UCF,21
2024,Big12,Houston,30,TCU,19
2024,Big12,Texas_Tech,28,Arizona,22
2024,Big12,Arizona_St,35,Kansas,31
2024,Big12,Iowa_St,43,Baylor,21
2024,Big12,West_Virginia,38,Oklahoma_St,14
2024,Big12,Arizona_St,27,Utah,19
2024,Big12,Cincinnati,19,UCF,13
2024,Big12,BYU,41,Arizona,19
2024,Big12,Iowa_St,28,West_Virginia,16
2024,Big12,Kansas_St,31,Colorado,28
2024,Big12,BYU,38,Oklahoma_St,35
2024,Big12,Cincinnati,24,Arizona_St,14
2024,Big12,Colorado,34,Arizona,7
2024,Big12,Iowa_St,38,UCF,35
2024,Big12,Baylor,59,Texas_Tech,35
2024,Big12,TCU,13,Utah,7
2024,Big12,Kansas_St,45,West_Virginia,18
2024,Big12,Kansas,42,Houston,14
2024,Big12,Colorado,34,Cincinnati,23
2024,Big12,West_Virginia,31,Arizona,26
2024,Big12,Baylor,38,Oklahoma_St,28
2024,Big12,TCU,35,Texas_Tech,34
2024,Big12,Houston,17,Utah,14
2024,Big12,Kansas_St,29,Kansas,27
2024,Big12,BYU,37,UCF,24
2024,Big12,UCF,56,Arizona,12
2024,Big12,Arizona_St,42,Oklahoma_St,21
2024,Big12,Texas_Tech,23,Iowa_St,22
2024,Big12,Baylor,37,TCU,34
2024,Big12,Houston,24,Kansas_St,19
2024,Big12,West_Virginia,31,Cincinnati,24
2024,Big12,Arizona_St,35,UCF,31
2024,Big12,Kansas,45,Iowa_St,36
2024,Big12,TCU,38,Oklahoma_St,13
2024,Big12,BYU,22,Utah,21
2024,Big12,Colorado,41,Texas_Tech,27
2024,Big12,Arizona,27,Houston,3
2024,Big12,Iowa_St,34,Cincinnati,17
2024,Big12,Arizona_St,24,Kansas_St,14
2024,Big12,Baylor,49,West_Virginia,35
2024,Big12,Colorado,49,Utah,24
2024,Big12,Kansas,17,BYU,13
2024,Big12,Kansas_St,41,Cincinnati,15
2024,Big12,TCU,49,Arizona,28
2024,Big12,Arizona_St,28,BYU,23
2024,Big12,Iowa_St,31,Utah,28
2024,Big12,Baylor,20,Houston,10
2024,Big12,West_Virginia,31,UCF,21
2024,Big12,Kansas,37,Colorado,21
2024,Big12,Texas_Tech,56,Oklahoma_St,48
2024,Big12,Utah,28,UCF,14
2024,Big12,Colorado,52,Oklahoma_St,0
2024,Big12,TCU,20,Cincinnati,13
2024,Big12,Arizona_St,49,Arizona,7
2024,Big12,Iowa_St,29,Kansas_St,21
2024,Big12,Baylor,45,Kansas,17
2024,Big12,Texas_Tech,52,West_Virginia,15
2024,Big12,BYU,30,Houston,18
2024,Big12,Arizona_St,45,Iowa_St,19
2024,Big12,BYU,36,Colorado,14
2023,ACC,Louisville,39,Georgia_Tech,34
2023,ACC,Duke,28,Clemson,7
2023,ACC,Florida_St,31,Boston_College,29
2023,ACC,NC_State,24,Virginia,21
2023,ACC,Florida_St,31,Clemson,24
2023,ACC,Louisville,56,Boston_College,28
2023,ACC,North_Carolina,41,Pittsburgh,24
2023,ACC,Georgia_Tech,30,Wake_Forest,16
2023,ACC,Louisville,13,NC_State,10
2023,ACC,Boston_College,27,Virginia,24
2023,ACC,Clemson,31,Syracuse,14
2023,ACC,Virginia_Tech,38,Pittsburgh,21
2023,ACC,Clemson,17,Wake_Forest,12
2023,ACC,Florida_St,39,Virginia_Tech,17
2023,ACC,Georgia_Tech,23,Miami_FL,20
2023,ACC,North_Carolina,40,Syracuse,7
2023,ACC,Duke,24,NC_State,3
2023,ACC,Florida_St,41,Syracuse,3
2023,ACC,North_Carolina,41,Miami_FL,31
2023,ACC,Pittsburgh,38,Louisville,21
2023,ACC,Virginia_Tech,30,Wake_Forest,13
2023,ACC,Florida_St,38,Duke,20
2023,ACC,Boston_College,38,Georgia_Tech,23
2023,ACC,Miami_FL,28,Clemson,20
2023,ACC,Virginia,31,North_Carolina,27
2023,ACC,Wake_Forest,21,Pittsburgh,17
2023,ACC,Virginia_Tech,38,Syracuse,10
2023,ACC,Georgia_Tech,46,North_Carolina,42
2023,ACC,Louisville,23,Duke,0
2023,ACC,Miami_FL,29,Virginia,26
2023,ACC,NC_State,24,Clemson,17
2023,ACC,Florida_St,41,Wake_Forest,16
2023,ACC,Duke,24,Wake_Forest,21
2023,ACC,Boston_College,17,Syracuse,10
2023,ACC,Louisville,34,Virginia_Tech,3
2023,ACC,NC_State,20,Miami_FL,6
2023,ACC,Florida_St,24,Pittsburgh,7
2023,ACC,Georgia_Tech,45,Virginia,17
2023,ACC,Louisville,31,Virginia,24
2023,ACC,Virginia_Tech,48,Boston_College,22
2023,ACC,Clemson,42,Georgia_Tech,21
2023,ACC,Florida_St,27,Miami_FL,20
2023,ACC,North_Carolina,47,Duke,45
2023,ACC,Syracuse,28,Pittsburgh,13
2023,ACC,NC_State,26,Wake_Forest,6
2023,ACC,Pittsburgh,24,Boston_College,16
2023,ACC,Clemson,31,North_Carolina,20
2023,ACC,Georgia_Tech,31,Syracuse,22
2023,ACC,Louisville,38,Miami_FL,31
2023,ACC,Virginia,30,Duke,27
2023,ACC,NC_State,35,Virginia_Tech,28
2023,ACC,Miami_FL,45,Boston_College,20
2023,ACC,Duke,30,Pittsburgh,19
2023,ACC,NC_State,39,North_Carolina,20
2023,ACC,Syracuse,35,Wake_Forest,31
2023,ACC,Virginia_Tech,55,Virginia,17
2023,ACC,Florida_St,16,Louisville,6
2023,B1G,Minnesota,13,Nebraska,10
2023,B1G,Ohio_St,23,Indiana,3
2023,B1G,Rutgers,24,Northwestern,7
2023,B1G,Penn_St,30,Illinois,13
2023,B1G,Wisconsin,38,Purdue,17
2023,B1G,Michigan,31,Rutgers,7
2023,B1G,Maryland,31,Michigan_St,9
2023,B1G,Penn_St,31,Iowa,0
2023,B1G,Northwestern,37,Minnesota,34
2023,B1G,Maryland,44,Indiana,17
2023,B1G,Purdue,44,Illinois,19
2023,B1G,Iowa,26,Michigan_St,16
2023,B1G,Michigan,45,Nebraska,7
2023,B1G,Penn_St,41,Northwestern,13
2023,B1G,Nebraska,20,Illinois,7
2023,B1G,Ohio_St,37,Maryland,17
2023,B1G,Iowa,20,Purdue,14
2023,B1G,Michigan,52,Minnesota,10
2023,B1G,Wisconsin,24,Rutgers,13
2023,B1G,Illinois,27,Maryland,24
2023,B1G,Michigan,52,Indiana,7
2023,B1G,Ohio_St,41,Purdue,7
2023,B1G,Rutgers,27,Michigan_St,24
2023,B1G,Iowa,15,Wisconsin,6
2023,B1G,Rutgers,31,Indiana,14
2023,B1G,Michigan,49,Michigan_St,0
2023,B1G,Ohio_St,20,Penn_St,12
2023,B1G,Wisconsin,25,Illinois,21
2023,B1G,Minnesota,12,Iowa,10
2023,B1G,Nebraska,17,Northwestern,9
2023,B1G,Penn_St,33,Indiana,24
2023,B1G,Minnesota,27,Michigan_St,12
2023,B1G,Nebraska,31,Purdue,14
2023,B1G,Northwestern,33,Maryland,27
2023,B1G,Ohio_St,24,Wisconsin,10
2023,B1G,Indiana,20,Wisconsin,14
2023,B1G,Penn_St,51,Maryland,15
2023,B1G,Michigan,41,Purdue,13
2023,B1G,Michigan_St,20,Nebraska,17
2023,B1G,Ohio_St,35,Rutgers,16
2023,B1G,Illinois,27,Minnesota,26
2023,B1G,Iowa,10,Northwestern,7
2023,B1G,Ohio_St,38,Michigan_St,3
2023,B1G,Michigan,24,Penn_St,15
2023,B1G,Purdue,49,Minnesota,30
2023,B1G,Illinois,48,Indiana,45
2023,B1G,Iowa,22,Rutgers,0
2023,B1G,Maryland,13,Nebraska,10
2023,B1G,Northwestern,24,Wisconsin,10
2023,B1G,Michigan_St,24,Indiana,21
2023,B1G,Michigan,31,Maryland,24
2023,B1G,Ohio_St,37,Minnesota,3
2023,B1G,Penn_St,27,Rutgers,6
2023,B1G,Iowa,15,Illinois,13
2023,B1G,Northwestern,23,Purdue,15
2023,B1G,Wisconsin,24,Nebraska,17
2023,B1G,Iowa,13,Nebraska,10
2023,B1G,Penn_St,42,Michigan_St,0
2023,B1G,Michigan,30,Ohio_St,24
2023,B1G,Purdue,35,Indiana,31
2023,B1G,Maryland,42,Rutgers,24
2023,B1G,Northwestern,45,Illinois,43
2023,B1G,Wisconsin,28,Minnesota,14
2023,B1G,Michigan,26,Iowa,0
2023,Big12,TCU,36,Houston,13
2023,Big12,Oklahoma,20,Cincinnati,6
2023,Big12,West_Virginia,20,Texas_Tech,13
2023,Big12,Texas,38,Baylor,6
2023,Big12,Iowa_St,34,Oklahoma_St,27
2023,Big12,Kansas,38,BYU,27
2023,Big12,Kansas_St,44,UCF,31
2023,Big12,BYU,35,Cincinnati,27
2023,Big12,Baylor,36,UCF,35
2023,Big12,Oklahoma,50,Iowa_St,20
2023,Big12,West_Virginia,24,TCU,21
2023,Big12,Texas,40,Kansas,14
2023,Big12,Texas_Tech,49,Houston,28
2023,Big12,Oklahoma_St,29,Kansas_St,21
2023,Big12,Texas_Tech,39,Baylor,14
2023,Big12,Iowa_St,27,TCU,14
2023,Big12,Kansas,51,UCF,22
2023,Big12,Oklahoma,34,Texas,30
2023,Big12,Houston,41,West_Virginia,39
2023,Big12,Iowa_St,30,Cincinnati,10
2023,Big12,Oklahoma_St,39,Kansas,32
2023,Big12,TCU,44,BYU,11
2023,Big12,Kansas_St,38,Texas_Tech,21
2023,Big12,Baylor,32,Cincinnati,29
2023,Big12,Oklahoma_St,48,West_Virginia,34
2023,Big12,Texas,31,Houston,24
2023,Big12,Kansas_St,41,TCU,3
2023,Big12,Oklahoma,31,UCF,29
2023,Big12,BYU,27,Texas_Tech,14
2023,Big12,West_Virginia,41,UCF,28
2023,Big12,Iowa_St,30,Baylor,18
2023,Big12,Kansas,38,Oklahoma,33
2023,Big12,Kansas_St,41,Houston,0
2023,Big12,Oklahoma_St,45,Cincinnati,13
2023,Big12,Texas,35,BYU,6
2023,Big12,Texas_Tech,35,TCU,28
2023,Big12,UCF,28,Cincinnati,26
2023,Big12,West_Virginia,37,BYU,7
2023,Big12,Houston,25,Baylor,24
2023,Big12,Kansas,28,Iowa_St,21
2023,Big12,Oklahoma_St,27,Oklahoma,24
2023,Big12,Texas,33,Kansas_St,30
2023,Big12,UCF,45,Oklahoma_St,3
2023,Big12,Cincinnati,24,Houston,14
2023,Big12,Texas_Tech,16,Kansas,13
2023,Big12,Kansas_St,59,Baylor,25
2023,Big12,Oklahoma,59,West_Virginia,20
2023,Big12,Texas,29,TCU,26
2023,Big12,Iowa_St,45,BYU,13
2023,Big12,West_Virginia,42,Cincinnati,21
2023,Big12,Oklahoma_St,43,Houston,30
2023,Big12,Texas,26,Iowa_St,16
2023,Big12,Kansas_St,31,Kansas,27
2023,Big12,TCU,42,Baylor,17
2023,Big12,Texas_Tech,24,UCF,23
2023,Big12,Oklahoma,31,BYU,24
2023,Big12,Oklahoma,69,TCU,45
2023,Big12,Texas,57,Texas_Tech,7
2023,Big12,Kansas,49,Cincinnati,16
2023,Big12,UCF,27,Houston,13
2023,Big12,West_Virginia,34,Baylor,31
2023,Big12,Iowa_St,42,Kansas_St,35
2023,Big12,Oklahoma_St,40,BYU,34
2023,Big12,Texas,49,Oklahoma_St,21
2023,SEC,Florida,29,Tennessee,16
2023,SEC,Georgia,24,South_Carolina,14
2023,SEC,LSU,41,Mississippi_St,14
2023,SEC,South_Carolina,37,Mississippi_St,30
2023,SEC,Alabama,24,Mississippi,10
2023,SEC,LSU,34,Arkansas,31
2023,SEC,Texas_A&M,27,Auburn,10
2023,SEC,Kentucky,45,Vanderbilt,28
2023,SEC,Kentucky,33,Florida,14
2023,SEC,Tennessee,41,South_Carolina,20
2023,SEC,Texas_A&M,34,Arkansas,22
2023,SEC,Georgia,27,Auburn,20
2023,SEC,Alabama,40,Mississippi_St,17
2023,SEC,Mississippi,55,LSU,49
2023,SEC,Missouri,38,Vanderbilt,21
2023,SEC,Florida,38,Vanderbilt,14
2023,SEC,Georgia,51,Kentucky,13
2023,SEC,LSU,49,Missouri,39
2023,SEC,Mississippi,27,Arkansas,20
2023,SEC,Alabama,26,Texas_A&M,20
2023,SEC,Missouri,38,Kentucky,21
2023,SEC,Florida,41,South_Carolina,39
2023,SEC,Tennessee,20,Texas_A&M,13
2023,SEC,Alabama,24,Arkansas,21
2023,SEC,LSU,48,Auburn,18
2023,SEC,Georgia,37,Vanderbilt,20
2023,SEC,Alabama,34,Tennessee,20
2023,SEC,Mississippi_St,7,Arkansas,3
2023,SEC,Mississippi,28,Auburn,21
2023,SEC,Missouri,34,South_Carolina,12
2023,SEC,Georgia,43,Florida,20
2023,SEC,Tennessee,33,Kentucky,27
2023,SEC,Auburn,27,Mississippi_St,13
2023,SEC,Mississippi,33,Vanderbilt,7
2023,SEC,Texas_A&M,30,South_Carolina,17
2023,SEC,Arkansas,39,Florida,36
2023,SEC,Georgia,30,Missouri,21
2023,SEC,Alabama,42,LSU,28
2023,SEC,Kentucky,24,Mississippi_St,3
2023,SEC,Mississippi,38,Texas_A&M,35
2023,SEC,Auburn,31,Vanderbilt,15
2023,SEC,Georgia,52,Mississippi,17
2023,SEC,Alabama,49,Kentucky,21
2023,SEC,South_Carolina,47,Vanderbilt,6
2023,SEC,Auburn,48,Arkansas,10
2023,SEC,LSU,52,Florida,35
2023,SEC,Missouri,36,Tennessee,7
2023,SEC,Texas_A&M,51,Mississippi_St,10
2023,SEC,South_Carolina,17,Kentucky,14
2023,SEC,Georgia,38,Tennessee,10
2023,SEC,Missouri,33,Florida,31
2023,SEC,Mississippi,17,Mississippi_St,7
2023,SEC,Missouri,48,Arkansas,14
2023,SEC,Tennessee,48,Vanderbilt,24
2023,SEC,Alabama,27,Auburn,24
2023,SEC,LSU,42,Texas_A&M,30
2023,SEC,Alabama,27,Georgia,24
2023,PAC12,USC,56,Stanford,10
2023,PAC12,Utah,14,UCLA,7
2023,PAC12,USC,42,Arizona_St,28
2023,PAC12,Oregon,42,Colorado,6
2023,PAC12,Arizona,21,Stanford,20
2023,PAC12,Washington,59,California,32
2023,PAC12,Washington_St,38,Oregon_St,35
2023,PAC12,Oregon_St,21,Utah,7
2023,PAC12,USC,48,Colorado,41
2023,PAC12,Washington,31,Arizona,24
2023,PAC12,California,24,Arizona_St,21
2023,PAC12,Oregon,42,Stanford,6
2023,PAC12,Colorado,27,Arizona_St,24
2023,PAC12,Oregon_St,52,California,40
2023,PAC12,UCLA,25,Washington_St,17
2023,PAC12,USC,43,Arizona,41
2023,PAC12,Stanford,46,Colorado,43
2023,PAC12,Utah,34,California,14
2023,PAC12,Oregon_St,36,UCLA,24
2023,PAC12,Washington,36,Oregon,33
2023,PAC12,Arizona,44,Washington_St,6
2023,PAC12,Oregon,38,Washington_St,24
2023,PAC12,UCLA,42,Stanford,7
2023,PAC12,Utah,34,USC,32
2023,PAC12,Washington,15,Arizona_St,7
2023,PAC12,Oregon,35,Utah,6
2023,PAC12,Arizona,27,Oregon_St,24
2023,PAC12,Arizona_St,38,Washington_St,27
2023,PAC12,USC,50,California,49
2023,PAC12,Washington,42,Stanford,33
2023,PAC12,UCLA,28,Colorado,16
2023,PAC12,Oregon_St,26,Colorado,19
2023,PAC12,Utah,55,Arizona_St,3
2023,PAC12,Arizona,27,UCLA,10
2023,PAC12,Oregon,63,California,19
2023,PAC12,Washington,52,USC,42
2023,PAC12,Stanford,10,Washington_St,7
2023,PAC12,Arizona,34,Colorado,31
2023,PAC12,California,42,Washington_St,39
2023,PAC12,Oregon,36,USC,27
2023,PAC12,Oregon_St,62,Stanford,17
2023,PAC12,Arizona_St,17,UCLA,7
2023,PAC12,Washington,35,Utah,28
2023,PAC12,Washington_St,56,Colorado,14
2023,PAC12,Arizona,42,Utah,18
2023,PAC12,Oregon,49,Arizona_St,13
2023,PAC12,Washington,22,Oregon_St,20
2023,PAC12,California,27,Stanford,15
2023,PAC12,UCLA,38,USC,20
2023,PAC12,Oregon,31,Oregon_St,7
2023,PAC12,Arizona,59,Arizona_St,23
2023,PAC12,Utah,23,Colorado,17
2023,PAC12,California,33,UCLA,7
2023,PAC12,Washington,24,Washington_St,21
2023,PAC12,Washington,34,Oregon,31
2022,ACC,Syracuse,31,Louisville,7
2022,ACC,Clemson,41,Georgia_Tech,10
2022,ACC,Virginia_Tech,27,Boston_College,10
2022,ACC,Florida_St,35,Louisville,31
2022,ACC,Syracuse,22,Virginia,20
2022,ACC,Florida_St,44,Boston_College,14
2022,ACC,Clemson,51,Wake_Forest,45
2022,ACC,Boston_College,34,Louisville,33
2022,ACC,Clemson,30,NC_State,20
2022,ACC,Duke,38,Virginia,17
2022,ACC,Wake_Forest,31,Florida_St,21
2022,ACC,North_Carolina,41,Virginia_Tech,10
2022,ACC,Georgia_Tech,26,Pittsburgh,21
2022,ACC,Clemson,31,Boston_College,3
2022,ACC,Georgia_Tech,23,Duke,20
2022,ACC,North_Carolina,27,Miami_FL,24
2022,ACC,NC_State,19,Florida_St,17
2022,ACC,Pittsburgh,45,Virginia_Tech,29
2022,ACC,Louisville,34,Virginia,17
2022,ACC,North_Carolina,38,Duke,35
2022,ACC,Clemson,34,Florida_St,28
2022,ACC,Syracuse,24,NC_State,9
2022,ACC,Miami_FL,20,Virginia_Tech,14
2022,ACC,Virginia,16,Georgia_Tech,9
2022,ACC,Clemson,27,Syracuse,21
2022,ACC,Louisville,24,Pittsburgh,10
2022,ACC,Duke,45,Miami_FL,21
2022,ACC,Wake_Forest,43,Boston_College,15
2022,ACC,NC_State,22,Virginia_Tech,21
2022,ACC,Florida_St,41,Georgia_Tech,16
2022,ACC,Louisville,48,Wake_Forest,21
2022,ACC,North_Carolina,42,Pittsburgh,24
2022,ACC,Miami_FL,14,Virginia,12
2022,ACC,Duke,38,Boston_College,31
2022,ACC,Florida_St,45,Miami_FL,3
2022,ACC,NC_State,30,Wake_Forest,21
2022,ACC,Pittsburgh,19,Syracuse,9
2022,ACC,North_Carolina,31,Virginia,28
2022,ACC,Georgia_Tech,28,Virginia_Tech,27
2022,ACC,Clemson,31,Louisville,16
2022,ACC,Duke,24,Virginia_Tech,7
2022,ACC,Miami_FL,35,Georgia_Tech,14
2022,ACC,Boston_College,21,NC_State,20
2022,ACC,Florida_St,38,Syracuse,3
2022,ACC,Pittsburgh,37,Virginia,7
2022,ACC,North_Carolina,36,Wake_Forest,34
2022,ACC,Clemson,40,Miami_FL,10
2022,ACC,Louisville,25,NC_State,10
2022,ACC,Georgia_Tech,21,North_Carolina,17
2022,ACC,Pittsburgh,28,Duke,26
2022,ACC,Wake_Forest,45,Syracuse,35
2022,ACC,NC_State,30,North_Carolina,27
2022,ACC,Syracuse,32,Boston_College,23
2022,ACC,Duke,34,Wake_Forest,31
2022,ACC,Pittsburgh,42,Miami_FL,16
2022,ACC,Clemson,39,North_Carolina,10
2022,B1G,Northwestern,31,Nebraska,28
2022,B1G,Penn_St,35,Purdue,31
2022,B1G,Indiana,23,Illinois,20
2022,B1G,Michigan,34,Maryland,27
2022,B1G,Minnesota,34,Michigan_St,7
2022,B1G,Ohio_St,52,Wisconsin,21
2022,B1G,Iowa,27,Rutgers,10
2022,B1G,Maryland,27,Michigan_St,13
2022,B1G,Ohio_St,49,Rutgers,10
2022,B1G,Penn_St,17,Northwestern,7
2022,B1G,Michigan,27,Iowa,14
2022,B1G,Purdue,20,Minnesota,10
2022,B1G,Nebraska,35,Indiana,21
2022,B1G,Illinois,34,Wisconsin,10
2022,B1G,Nebraska,14,Rutgers,13
2022,B1G,Michigan,31,Indiana,10
2022,B1G,Purdue,31,Maryland,29
2022,B1G,Ohio_St,49,Michigan_St,20
2022,B1G,Illinois,9,Iowa,6
2022,B1G,Wisconsin,42,Northwestern,7
2022,B1G,Maryland,38,Indiana,33
2022,B1G,Michigan,41,Penn_St,17
2022,B1G,Michigan_St,34,Wisconsin,28
2022,B1G,Purdue,43,Nebraska,37
2022,B1G,Illinois,26,Minnesota,14
2022,B1G,Maryland,31,Northwestern,24
2022,B1G,Ohio_St,54,Iowa,10
2022,B1G,Penn_St,45,Minnesota,17
2022,B1G,Rutgers,24,Indiana,17
2022,B1G,Wisconsin,35,Purdue,24
2022,B1G,Iowa,33,Northwestern,13
2022,B1G,Michigan,29,Michigan_St,7
2022,B1G,Ohio_St,44,Penn_St,31
2022,B1G,Minnesota,31,Rutgers,0
2022,B1G,Illinois,26,Nebraska,9
2022,B1G,Penn_St,45,Indiana,14
2022,B1G,Iowa,24,Purdue,3
2022,B1G,Michigan,52,Rutgers,17
2022,B1G,Michigan_St,23,Illinois,15
2022,B1G,Minnesota,20,Nebraska,13
2022,B1G,Ohio_St,21,Northwestern,7
2022,B1G,Wisconsin,23,Maryland,10
2022,B1G,Michigan,34,Nebraska,3
2022,B1G,Michigan_St,27,Rutgers,21
2022,B1G,Ohio_St,56,Indiana,14
2022,B1G,Penn_St,30,Maryland,0
2022,B1G,Purdue,31,Illinois,24
2022,B1G,Iowa,24,Wisconsin,10
2022,B1G,Minnesota,31,Northwestern,3
2022,B1G,Ohio_St,43,Maryland,30
2022,B1G,Michigan,19,Illinois,17
2022,B1G,Indiana,39,Michigan_St,31
2022,B1G,Purdue,17,Northwestern,9
2022,B1G,Penn_St,55,Rutgers,10
2022,B1G,Iowa,13,Minnesota,10
2022,B1G,Wisconsin,15,Nebraska,14
2022,B1G,Nebraska,24,Iowa,17
2022,B1G,Purdue,30,Indiana,16
2022,B1G,Maryland,37,Rutgers,0
2022,B1G,Michigan,45,Ohio_St,23
2022,B1G,Penn_St,35,Michigan_St,16
2022,B1G,Illinois,41,Northwestern,3
2022,B1G,Minnesota,23,Wisconsin,16
2022,B1G,Michigan,43,Purdue,22
2022,Big12,Kansas,55,West_Virginia,42
2022,Big12,Baylor,31,Iowa_St,24
2022,Big12,Kansas_St,41,Oklahoma,34
2022,Big12,Texas_Tech,37,Texas,34
2022,Big12,Oklahoma_St,36,Baylor,25
2022,Big12,Kansas,14,Iowa_St,11
2022,Big12,Kansas_St,37,Texas_Tech,28
2022,Big12,TCU,55,Oklahoma,24
2022,Big12,Texas,38,West_Virginia,20
2022,Big12,Kansas_St,10,Iowa_St,9
2022,Big12,TCU,38,Kansas,31
2022,Big12,Texas,49,Oklahoma,0
2022,Big12,Oklahoma_St,41,Texas_Tech,31
2022,Big12,West_Virginia,43,Baylor,40
2022,Big12,Oklahoma,52,Kansas,42
2022,Big12,TCU,43,Oklahoma_St,40
2022,Big12,Texas,24,Iowa_St,21
2022,Big12,Baylor,35,Kansas,23
2022,Big12,Oklahoma_St,41,Texas,34
2022,Big12,TCU,38,Kansas_St,28
2022,Big12,Texas_Tech,48,West_Virginia,10
2022,Big12,Oklahoma,27,Iowa_St,13
2022,Big12,TCU,41,West_Virginia,31
2022,Big12,Kansas_St,48,Oklahoma_St,0
2022,Big12,Baylor,45,Texas_Tech,17
2022,Big12,Iowa_St,31,West_Virginia,14
2022,Big12,Kansas,37,Oklahoma_St,16
2022,Big12,Texas,34,Kansas_St,27
2022,Big12,Baylor,38,Oklahoma,35
2022,Big12,TCU,34,Texas_Tech,24
2022,Big12,West_Virginia,23,Oklahoma,20
2022,Big12,Kansas_St,31,Baylor,3
2022,Big12,Oklahoma_St,20,Iowa_St,14
2022,Big12,TCU,17,Texas,10
2022,Big12,Texas_Tech,43,Kansas,28
2022,Big12,Kansas_St,48,West_Virginia,31
2022,Big12,TCU,29,Baylor,28
2022,Big12,Texas_Tech,14,Iowa_St,10
2022,Big12,Texas,55,Kansas,14
2022,Big12,Oklahoma,28,Oklahoma_St,13
2022,Big12,Texas,38,Baylor,27
2022,Big12,Kansas_St,47,Kansas,27
2022,Big12,West_Virginia,24,Oklahoma_St,19
2022,Big12,TCU,62,Iowa_St,14
2022,Big12,Texas_Tech,51,Oklahoma,48
2022,Big12,Kansas_St,31,TCU,28
2022,SEC,Kentucky,26,Florida,16
2022,SEC,Arkansas,44,South_Carolina,30
2022,SEC,Georgia,48,South_Carolina,7
2022,SEC,LSU,31,Mississippi_St,16
2022,SEC,Tennessee,38,Florida,33
2022,SEC,Alabama,55,Vanderbilt,3
2022,SEC,Auburn,17,Missouri,14
2022,SEC,Texas_A&M,23,Arkansas,21
2022,SEC,Alabama,49,Arkansas,26
2022,SEC,LSU,21,Auburn,17
2022,SEC,Mississippi_St,42,Texas_A&M,24
2022,SEC,Georgia,26,Missouri,22
2022,SEC,Mississippi,22,Kentucky,19
2022,SEC,Florida,24,Missouri,17
2022,SEC,Georgia,42,Auburn,10
2022,SEC,South_Carolina,24,Kentucky,14
2022,SEC,Alabama,24,Texas_A&M,20
2022,SEC,Tennessee,40,LSU,13
2022,SEC,Mississippi_St,40,Arkansas,17
2022,SEC,Mississippi,52,Vanderbilt,28
2022,SEC,LSU,45,Florida,35
2022,SEC,Georgia,55,Vanderbilt,0
2022,SEC,Kentucky,27,Mississippi_St,17
2022,SEC,Tennessee,52,Alabama,49
2022,SEC,Mississippi,48,Auburn,34
2022,SEC,South_Carolina,30,Texas_A&M,24
2022,SEC,Alabama,30,Mississippi_St,6
2022,SEC,LSU,45,Mississippi,20
2022,SEC,Missouri,17,Vanderbilt,14
2022,SEC,Georgia,42,Florida,20
2022,SEC,Missouri,23,South_Carolina,10
2022,SEC,Tennessee,44,Kentucky,6
2022,SEC,Arkansas,41,Auburn,27
2022,SEC,Mississippi,31,Texas_A&M,28
2022,SEC,Georgia,27,Tennessee,13
2022,SEC,LSU,32,Alabama,31
2022,SEC,Mississippi_St,39,Auburn,33
2022,SEC,Kentucky,21,Missouri,17
2022,SEC,Florida,41,Texas_A&M,24
2022,SEC,South_Carolina,38,Vanderbilt,27
2022,SEC,Florida,38,South_Carolina,6
2022,SEC,Vanderbilt,24,Kentucky,21
2022,SEC,Tennessee,66,Missouri,24
2022,SEC,LSU,13,Arkansas,10
2022,SEC,Auburn,13,Texas_A&M,10
2022,SEC,Georgia,45,Mississippi_St,19
2022,SEC,Alabama,30,Mississippi,24
2022,SEC,Georgia,16,Kentucky,6
2022,SEC,South_Carolina,63,Tennessee,38
2022,SEC,Arkansas,42,Mississippi,27
2022,SEC,Vanderbilt,31,Florida,24
2022,SEC,Mississippi_St,24,Mississippi,22
2022,SEC,Missouri,29,Arkansas,27
2022,SEC,Alabama,49,Auburn,27
2022,SEC,Texas_A&M,38,LSU,23
2022,SEC,Tennessee,56,Vanderbilt,0
2022,SEC,Georgia,50,LSU,30
2022,PAC12,USC,41,Stanford,28
2022,PAC12,UCLA,45,Colorado,17
2022,PAC12,Utah,34,Arizona_St,13
2022,PAC12,California,49,Arizona,31
2022,PAC12,USC,17,Oregon_St,14
2022,PAC12,Washington,40,Stanford,22
2022,PAC12,Oregon,44,Washington_St,41
2022,PAC12,UCLA,40,Washington,32
2022,PAC12,Utah,42,Oregon_St,16
2022,PAC12,Arizona,43,Colorado,20
2022,PAC12,Oregon,45,Stanford,27
2022,PAC12,USC,42,Arizona_St,25
2022,PAC12,Washington_St,28,California,9
2022,PAC12,Oregon,49,Arizona,22
2022,PAC12,Arizona_St,45,Washington,38
2022,PAC12,Oregon_St,28,Stanford,27
2022,PAC12,UCLA,42,Utah,32
2022,PAC12,USC,30,Washington_St,14
2022,PAC12,Colorado,20,California,13
2022,PAC12,Utah,43,USC,42
2022,PAC12,Oregon_St,24,Washington_St,10
2022,PAC12,Washington,49,Arizona,39
2022,PAC12,Washington,28,California,21
2022,PAC12,Oregon,45,UCLA,30
2022,PAC12,Oregon_St,42,Colorado,9
2022,PAC12,Stanford,15,Arizona_St,14
2022,PAC12,Utah,21,Washington_St,17
2022,PAC12,Arizona_St,42,Colorado,34
2022,PAC12,USC,45,Arizona,37
2022,PAC12,Oregon,42,California,24
2022,PAC12,UCLA,38,Stanford,13
2022,PAC12,Washington,24,Oregon_St,21
2022,PAC12,Oregon,49,Colorado,10
2022,PAC12,Utah,45,Arizona,20
2022,PAC12,UCLA,50,Arizona_St,36
2022,PAC12,Washington_St,52,Stanford,14
2022,PAC12,USC,41,California,35
2022,PAC12,USC,55,Colorado,17
2022,PAC12,Utah,42,Stanford,7
2022,PAC12,Washington,37,Oregon,34
2022,PAC12,Oregon_St,38,California,10
2022,PAC12,Arizona,34,UCLA,28
2022,PAC12,Washington_St,28,Arizona_St,18
2022,PAC12,Washington_St,31,Arizona,20
2022,PAC12,Oregon_St,31,Arizona_St,7
2022,PAC12,California,27,Stanford,20
2022,PAC12,Oregon,20,Utah,17
2022,PAC12,USC,48,UCLA,45
2022,PAC12,Washington,54,Colorado,7
2022,PAC12,Arizona,38,Arizona_St,35
2022,PAC12,UCLA,35,California,28
2022,PAC12,Oregon_St,38,Oregon,34
2022,PAC12,Utah,63,Colorado,21
2022,PAC12,Washington,51,Washington_St,33
2022,PAC12,Utah,47,USC,24
2021,ACC,Virginia_Tech,17,North_Carolina,10
2021,ACC,Clemson,14,Georgia_Tech,8
2021,ACC,Wake_Forest,35,Florida_St,14
2021,ACC,North_Carolina,59,Virginia,39
2021,ACC,Wake_Forest,37,Virginia,17
2021,ACC,Louisville,31,Florida_St,23
2021,ACC,Georgia_Tech,45,North_Carolina,22
2021,ACC,NC_State,27,Clemson,21
2021,ACC,Virginia,30,Miami_FL,28
2021,ACC,Clemson,19,Boston_College,13
2021,ACC,Florida_St,33,Syracuse,30
2021,ACC,Pittsburgh,52,Georgia_Tech,21
2021,ACC,North_Carolina,38,Duke,7
2021,ACC,Wake_Forest,37,Louisville,34
2021,ACC,Georgia_Tech,31,Duke,27
2021,ACC,Virginia,34,Louisville,33
2021,ACC,Florida_St,35,North_Carolina,25
2021,ACC,Wake_Forest,40,Syracuse,37
2021,ACC,Clemson,17,Syracuse,14
2021,ACC,NC_State,33,Boston_College,7
2021,ACC,North_Carolina,45,Miami_FL,42
2021,ACC,Virginia,48,Duke,0
2021,ACC,Pittsburgh,28,Virginia_Tech,7
2021,ACC,Louisville,28,Boston_College,14
2021,ACC,Miami_FL,31,NC_State,30
2021,ACC,Pittsburgh,27,Clemson,17
2021,ACC,Virginia,48,Georgia_Tech,40
2021,ACC,Syracuse,41,Virginia_Tech,36
2021,ACC,Clemson,30,Florida_St,20
2021,ACC,Virginia_Tech,26,Georgia_Tech,17
2021,ACC,NC_State,28,Louisville,13
2021,ACC,Miami_FL,38,Pittsburgh,34
2021,ACC,Syracuse,21,Boston_College,6
2021,ACC,Wake_Forest,45,Duke,7
2021,ACC,Boston_College,17,Virginia_Tech,3
2021,ACC,Pittsburgh,54,Duke,29
2021,ACC,NC_State,28,Florida_St,14
2021,ACC,Clemson,30,Louisville,24
2021,ACC,Miami_FL,33,Georgia_Tech,30
2021,ACC,North_Carolina,58,Wake_Forest,55
2021,ACC,Pittsburgh,30,North_Carolina,23
2021,ACC,Florida_St,31,Miami_FL,28
2021,ACC,Boston_College,41,Georgia_Tech,30
2021,ACC,Louisville,41,Syracuse,3
2021,ACC,Virginia_Tech,48,Duke,17
2021,ACC,Wake_Forest,45,NC_State,42
2021,ACC,Louisville,62,Duke,22
2021,ACC,Florida_St,26,Boston_College,23
2021,ACC,Clemson,48,Wake_Forest,27
2021,ACC,NC_State,41,Syracuse,17
2021,ACC,Pittsburgh,48,Virginia,38
2021,ACC,Miami_FL,38,Virginia_Tech,26
2021,ACC,NC_State,34,North_Carolina,30
2021,ACC,Wake_Forest,41,Boston_College,10
2021,ACC,Miami_FL,47,Duke,10
2021,ACC,Pittsburgh,31,Syracuse,14
2021,ACC,Virginia_Tech,29,Virginia,24
2021,ACC,Pittsburgh,45,Wake_Forest,21
2021,B1G,Illinois,30,Nebraska,22
2021,B1G,Ohio_St,45,Minnesota,31
2021,B1G,Michigan_St,38,Northwestern,21
2021,B1G,Penn_St,16,Wisconsin,10
2021,B1G,Iowa,34,Indiana,6
2021,B1G,Maryland,20,Illinois,17
2021,B1G,Michigan_St,23,Nebraska,20
2021,B1G,Purdue,13,Illinois,9
2021,B1G,Michigan,20,Rutgers,13
2021,B1G,Iowa,51,Maryland,14
2021,B1G,Penn_St,24,Indiana,0
2021,B1G,Minnesota,20,Purdue,13
2021,B1G,Ohio_St,52,Rutgers,13
2021,B1G,Michigan,38,Wisconsin,17
2021,B1G,Nebraska,56,Northwestern,7
2021,B1G,Ohio_St,66,Maryland,17
2021,B1G,Michigan_St,31,Rutgers,13
2021,B1G,Wisconsin,24,Illinois,0
2021,B1G,Iowa,23,Penn_St,20
2021,B1G,Michigan,32,Nebraska,29
2021,B1G,Michigan_St,20,Indiana,15
2021,B1G,Northwestern,21,Rutgers,7
2021,B1G,Minnesota,30,Nebraska,23
2021,B1G,Purdue,24,Iowa,7
2021,B1G,Ohio_St,54,Indiana,7
2021,B1G,Michigan,33,Northwestern,7
2021,B1G,Illinois,20,Penn_St,18
2021,B1G,Wisconsin,30,Purdue,13
2021,B1G,Minnesota,34,Maryland,16
2021,B1G,Maryland,38,Indiana,35
2021,B1G,Michigan_St,37,Michigan,33
2021,B1G,Ohio_St,33,Penn_St,24
2021,B1G,Wisconsin,27,Iowa,7
2021,B1G,Rutgers,20,Illinois,14
2021,B1G,Purdue,28,Nebraska,23
2021,B1G,Minnesota,41,Northwestern,14
2021,B1G,Penn_St,31,Maryland,14
2021,B1G,Michigan,29,Indiana,7
2021,B1G,Purdue,40,Michigan_St,29
2021,B1G,Wisconsin,52,Rutgers,3
2021,B1G,Illinois,14,Minnesota,6
2021,B1G,Ohio_St,26,Nebraska,17
2021,B1G,Iowa,17,Northwestern,12
2021,B1G,Rutgers,38,Indiana,3
2021,B1G,Michigan_St,40,Maryland,21
2021,B1G,Ohio_St,59,Purdue,31
2021,B1G,Michigan,21,Penn_St,17
2021,B1G,Iowa,27,Minnesota,22
2021,B1G,Wisconsin,35,Northwestern,7
2021,B1G,Minnesota,35,Indiana,14
2021,B1G,Michigan,59,Maryland,18
2021,B1G,Ohio_St,56,Michigan_St,7
2021,B1G,Penn_St,28,Rutgers,0
2021,B1G,Iowa,33,Illinois,23
2021,B1G,Purdue,32,Northwestern,14
2021,B1G,Wisconsin,35,Nebraska,28
2021,B1G,Iowa,28,Nebraska,21
2021,B1G,Michigan,42,Ohio_St,27
2021,B1G,Michigan_St,30,Penn_St,27
2021,B1G,Purdue,44,Indiana,7
2021,B1G,Maryland,40,Rutgers,16
2021,B1G,Illinois,47,Northwestern,14
2021,B1G,Minnesota,23,Wisconsin,13
2021,B1G,Michigan,42,Iowa,3
2021,Big12,Baylor,45,Kansas,7
2021,Big12,Baylor,31,Iowa_St,29
2021,Big12,Oklahoma,16,West_Virginia,13
2021,Big12,Oklahoma_St,31,Kansas_St,20
2021,Big12,Texas,70,Texas_Tech,35
2021,Big12,Texas_Tech,23,West_Virginia,20
2021,Big12,Iowa_St,59,Kansas,7
2021,Big12,Oklahoma,37,Kansas_St,31
2021,Big12,Oklahoma_St,24,Baylor,14
2021,Big12,Texas,32,TCU,27
2021,Big12,Baylor,45,West_Virginia,20
2021,Big12,Oklahoma,55,Texas,48
2021,Big12,TCU,52,Texas_Tech,31
2021,Big12,Texas_Tech,41,Kansas,14
2021,Big12,Iowa_St,33,Kansas_St,20
2021,Big12,Oklahoma,52,TCU,31
2021,Big12,Oklahoma_St,32,Texas,24
2021,Big12,Iowa_St,24,Oklahoma_St,21
2021,Big12,Oklahoma,35,Kansas,23
2021,Big12,West_Virginia,29,TCU,17
2021,Big12,Kansas_St,25,Texas_Tech,24
2021,Big12,West_Virginia,38,Iowa_St,31
2021,Big12,Baylor,31,Texas,24
2021,Big12,Kansas_St,31,TCU,12
2021,Big12,Oklahoma,52,Texas_Tech,21
2021,Big12,Oklahoma_St,55,Kansas,3
2021,Big12,Oklahoma_St,24,West_Virginia,3
2021,Big12,Iowa_St,30,Texas,7
2021,Big12,Kansas_St,35,Kansas,10
2021,Big12,TCU,30,Baylor,28
2021,Big12,Baylor,27,Oklahoma,14
2021,Big12,Kansas_St,34,West_Virginia,17
2021,Big12,Oklahoma_St,63,TCU,17
2021,Big12,Kansas,57,Texas,56
2021,Big12,Texas_Tech,41,Iowa_St,38
2021,Big12,West_Virginia,31,Texas,23
2021,Big12,Baylor,20,Kansas_St,10
2021,Big12,Oklahoma,28,Iowa_St,21
2021,Big12,TCU,31,Kansas,28
2021,Big12,Oklahoma_St,23,Texas_Tech,0
2021,Big12,Texas,22,Kansas_St,17
2021,Big12,Iowa_St,48,TCU,14
2021,Big12,Baylor,27,Texas_Tech,24
2021,Big12,West_Virginia,34,Kansas,28
2021,Big12,Oklahoma_St,37,Oklahoma,33
2021,Big12,Baylor,21,Oklahoma_St,16
2021,SEC,Kentucky,35,Missouri,28
2021,SEC,Alabama,31,Florida,29
2021,SEC,Georgia,40,South_Carolina,13
2021,SEC,Florida,38,Tennessee,14
2021,SEC,Kentucky,16,South_Carolina,10
2021,SEC,LSU,28,Mississippi_St,25
2021,SEC,Arkansas,20,Texas_A&M,10
2021,SEC,Georgia,62,Vanderbilt,0
2021,SEC,Georgia,37,Arkansas,0
2021,SEC,Kentucky,20,Florida,13
2021,SEC,Alabama,42,Mississippi,21
2021,SEC,Auburn,24,LSU,19
2021,SEC,Tennessee,62,Missouri,24
2021,SEC,Mississippi_St,26,Texas_A&M,22
2021,SEC,Florida,42,Vanderbilt,0
2021,SEC,Kentucky,42,LSU,21
2021,SEC,Tennessee,45,South_Carolina,20
2021,SEC,Georgia,34,Auburn,10
2021,SEC,Mississippi,52,Arkansas,51
2021,SEC,Texas_A&M,41,Alabama,38
2021,SEC,Georgia,30,Kentucky,13
2021,SEC,South_Carolina,21,Vanderbilt,20
2021,SEC,Mississippi,31,Tennessee,26
2021,SEC,Auburn,38,Arkansas,23
2021,SEC,LSU,49,Florida,42
2021,SEC,Alabama,49,Mississippi_St,9
2021,SEC,Texas_A&M,35,Missouri,14
2021,SEC,Alabama,52,Tennessee,24
2021,SEC,Mississippi,31,LSU,17
2021,SEC,Texas_A&M,44,South_Carolina,14
2021,SEC,Mississippi_St,45,Vanderbilt,6
2021,SEC,Auburn,31,Mississippi,20
2021,SEC,Mississippi_St,31,Kentucky,17
2021,SEC,Missouri,37,Vanderbilt,28
2021,SEC,Georgia,34,Florida,7
2021,SEC,Georgia,43,Missouri,6
2021,SEC,Tennessee,45,Kentucky,42
2021,SEC,South_Carolina,40,Florida,17
2021,SEC,Alabama,20,LSU,14
2021,SEC,Arkansas,31,Mississippi_St,28
2021,SEC,Texas_A&M,20,Auburn,3
2021,SEC,Georgia,41,Tennessee,17
2021,SEC,Mississippi_St,43,Auburn,34
2021,SEC,Arkansas,16,LSU,13
2021,SEC,Missouri,31,South_Carolina,28
2021,SEC,Mississippi,29,Texas_A&M,19
2021,SEC,Kentucky,34,Vanderbilt,17
2021,SEC,South_Carolina,21,Auburn,17
2021,SEC,Alabama,42,Arkansas,35
2021,SEC,Missouri,24,Florida,23
2021,SEC,Mississippi,31,Vanderbilt,17
2021,SEC,Mississippi,31,Mississippi_St,21
2021,SEC,Arkansas,34,Missouri,17
2021,SEC,Tennessee,45,Vanderbilt,21
2021,SEC,Alabama,24,Auburn,22
2021,SEC,LSU,27,Texas_A&M,24
2021,SEC,Alabama,41,Georgia,24
2021,SEC,Georgia,33,Alabama,18
2021,PAC12,Stanford,42,USC,28
2021,PAC12,USC,45,Washington_St,14
2021,PAC12,Utah,24,Washington_St,13
2021,PAC12,Arizona_St,35,Colorado,13
2021,PAC12,Oregon,41,Arizona,19
2021,PAC12,UCLA,35,Stanford,24
2021,PAC12,Oregon_St,45,USC,27
2021,PAC12,Washington,31,California,24
2021,PAC12,USC,37,Colorado,14
2021,PAC12,Washington_St,21,California,6
2021,PAC12,Oregon_St,27,Washington,24
2021,PAC12,Stanford,31,Oregon,24
2021,PAC12,Arizona_St,42,UCLA,23
2021,PAC12,Arizona_St,28,Stanford,10
2021,PAC12,UCLA,34,Arizona,16
2021,PAC12,Utah,42,USC,26
2021,PAC12,Washington_St,31,Oregon_St,24
2021,PAC12,Oregon,24,California,17
2021,PAC12,Colorado,34,Arizona,0
2021,PAC12,Utah,35,Arizona_St,21
2021,PAC12,UCLA,24,Washington,17
2021,PAC12,Washington_St,34,Stanford,31
2021,PAC12,Washington,21,Arizona,16
2021,PAC12,California,26,Colorado,3
2021,PAC12,Oregon_St,42,Utah,34
2021,PAC12,Oregon,34,UCLA,31
2021,PAC12,Utah,44,UCLA,24
2021,PAC12,Washington_St,34,Arizona_St,21
2021,PAC12,California,39,Oregon_St,25
2021,PAC12,Oregon,52,Colorado,29
2021,PAC12,Washington,20,Stanford,13
2021,PAC12,USC,41,Arizona,34
2021,PAC12,Utah,52,Stanford,7
2021,PAC12,Colorado,37,Oregon_St,34
2021,PAC12,Arizona,10,California,3
2021,PAC12,Arizona_St,31,USC,16
2021,PAC12,Oregon,26,Washington,16
2021,PAC12,Utah,38,Arizona,29
2021,PAC12,Oregon,38,Washington_St,24
2021,PAC12,Oregon_St,35,Stanford,14
2021,PAC12,UCLA,44,Colorado,20
2021,PAC12,Arizona_St,35,Washington,30
2021,PAC12,Washington_St,44,Arizona,18
2021,PAC12,Colorado,20,Washington,17
2021,PAC12,Utah,38,Oregon,7
2021,PAC12,Oregon_St,24,Arizona_St,10
2021,PAC12,California,41,Stanford,11
2021,PAC12,UCLA,62,USC,33
2021,PAC12,Utah,28,Colorado,13
2021,PAC12,Washington_St,40,Washington,13
2021,PAC12,Arizona_St,38,Arizona,15
2021,PAC12,Oregon,38,Oregon_St,29
2021,PAC12,UCLA,42,California,14
2021,PAC12,Utah,38,Oregon,10
2021,PAC12,California,24,USC,14
2019,ACC,Clemson,52,Georgia_Tech,14
2019,ACC,Boston_College,35,Virginia_Tech,28
2019,ACC,Virginia,30,Pittsburgh,14
2019,ACC,North_Carolina,28,Miami_FL,25
2019,ACC,Wake_Forest,24,North_Carolina,18
2019,ACC,Clemson,41,Syracuse,6
2019,ACC,Virginia,31,Florida_St,24
2019,ACC,Florida_St,35,Louisville,24
2019,ACC,Duke,45,Virginia_Tech,10
2019,ACC,Wake_Forest,27,Boston_College,24
2019,ACC,Florida_St,31,NC_State,13
2019,ACC,Clemson,21,North_Carolina,20
2019,ACC,Louisville,41,Boston_College,39
2019,ACC,Pittsburgh,33,Duke,30
2019,ACC,Virginia_Tech,42,Miami_FL,35
2019,ACC,North_Carolina,38,Georgia_Tech,22
2019,ACC,NC_State,16,Syracuse,10
2019,ACC,Miami_FL,17,Virginia,9
2019,ACC,Louisville,62,Wake_Forest,59
2019,ACC,Clemson,45,Florida_St,14
2019,ACC,Duke,41,Georgia_Tech,23
2019,ACC,Pittsburgh,27,Syracuse,20
2019,ACC,Boston_College,45,NC_State,24
2019,ACC,Virginia,48,Duke,14
2019,ACC,Virginia_Tech,43,North_Carolina,41
2019,ACC,Clemson,45,Louisville,10
2019,ACC,Georgia_Tech,28,Miami_FL,21
2019,ACC,Wake_Forest,22,Florida_St,20
2019,ACC,North_Carolina,20,Duke,17
2019,ACC,Louisville,28,Virginia,21
2019,ACC,Clemson,59,Boston_College,7
2019,ACC,Florida_St,35,Syracuse,17
2019,ACC,Miami_FL,16,Pittsburgh,12
2019,ACC,Boston_College,58,Syracuse,27
2019,ACC,Wake_Forest,44,NC_State,10
2019,ACC,Virginia,38,North_Carolina,31
2019,ACC,Miami_FL,27,Florida_St,10
2019,ACC,Pittsburgh,20,Georgia_Tech,10
2019,ACC,Miami_FL,52,Louisville,27
2019,ACC,Virginia_Tech,36,Wake_Forest,17
2019,ACC,Florida_St,38,Boston_College,31
2019,ACC,Clemson,55,NC_State,10
2019,ACC,Virginia,33,Georgia_Tech,28
2019,ACC,Pittsburgh,34,North_Carolina,27
2019,ACC,Syracuse,49,Duke,6
2019,ACC,Louisville,34,NC_State,20
2019,ACC,Clemson,52,Wake_Forest,3
2019,ACC,Virginia_Tech,45,Georgia_Tech,0
2019,ACC,Georgia_Tech,28,NC_State,26
2019,ACC,Wake_Forest,39,Duke,27
2019,ACC,Louisville,56,Syracuse,34
2019,ACC,Virginia_Tech,28,Pittsburgh,0
2019,ACC,Virginia,39,Virginia_Tech,30
2019,ACC,Boston_College,26,Pittsburgh,19
2019,ACC,Duke,27,Miami_FL,17
2019,ACC,Syracuse,39,Wake_Forest,30
2019,ACC,North_Carolina,41,NC_State,10
2019,ACC,Clemson,62,Virginia,17
2019,B1G,Iowa,30,Rutgers,0
2019,B1G,Ohio_St,51,Indiana,10
2019,B1G,Nebraska,42,Illinois,38
2019,B1G,Wisconsin,35,Michigan,14
2019,B1G,Michigan_St,31,Northwestern,10
2019,B1G,Penn_St,59,Maryland,0
2019,B1G,Michigan_St,40,Indiana,31
2019,B1G,Michigan,52,Rutgers,0
2019,B1G,Minnesota,38,Purdue,31
2019,B1G,Ohio_St,48,Nebraska,7
2019,B1G,Wisconsin,24,Northwestern,15
2019,B1G,Minnesota,40,Illinois,17
2019,B1G,Michigan,10,Iowa,3
2019,B1G,Maryland,48,Rutgers,7
2019,B1G,Nebraska,13,Northwestern,10
2019,B1G,Penn_St,35,Purdue,7
2019,B1G,Ohio_St,34,Michigan_St,10
2019,B1G,Michigan,42,Illinois,25
2019,B1G,Indiana,35,Rutgers,0
2019,B1G,Penn_St,17,Iowa,12
2019,B1G,Purdue,40,Maryland,14
2019,B1G,Wisconsin,38,Michigan_St,0
2019,B1G,Minnesota,34,Nebraska,7
2019,B1G,Ohio_St,52,Northwestern,3
2019,B1G,Illinois,24,Wisconsin,23
2019,B1G,Iowa,26,Purdue,20
2019,B1G,Penn_St,28,Michigan,21
2019,B1G,Minnesota,42,Rutgers,7
2019,B1G,Indiana,34,Maryland,28
2019,B1G,Illinois,24,Purdue,6
2019,B1G,Iowa,20,Northwestern,0
2019,B1G,Minnesota,52,Maryland,10
2019,B1G,Penn_St,28,Michigan_St,7
2019,B1G,Ohio_St,38,Wisconsin,7
2019,B1G,Indiana,38,Nebraska,31
2019,B1G,Illinois,38,Rutgers,10
2019,B1G,Indiana,34,Northwestern,3
2019,B1G,Purdue,31,Nebraska,27
2019,B1G,Michigan,38,Maryland,7
2019,B1G,Illinois,37,Michigan_St,34
2019,B1G,Wisconsin,24,Iowa,22
2019,B1G,Minnesota,31,Penn_St,26
2019,B1G,Purdue,24,Northwestern,22
2019,B1G,Ohio_St,73,Maryland,14
2019,B1G,Penn_St,34,Indiana,27
2019,B1G,Iowa,23,Minnesota,19
2019,B1G,Michigan,44,Michigan_St,10
2019,B1G,Wisconsin,37,Nebraska,21
2019,B1G,Ohio_St,56,Rutgers,21
2019,B1G,Iowa,19,Illinois,10
2019,B1G,Michigan,39,Indiana,14
2019,B1G,Michigan_St,27,Rutgers,0
2019,B1G,Minnesota,38,Northwestern,22
2019,B1G,Wisconsin,45,Purdue,24
2019,B1G,Nebraska,54,Maryland,7
2019,B1G,Ohio_St,28,Penn_St,17
2019,B1G,Iowa,27,Nebraska,24
2019,B1G,Northwestern,29,Illinois,10
2019,B1G,Indiana,44,Purdue,41
2019,B1G,Michigan_St,19,Maryland,16
2019,B1G,Wisconsin,38,Minnesota,17
2019,B1G,Penn_St,27,Rutgers,6
2019,B1G,Ohio_St,56,Michigan,27
2019,B1G,Ohio_St,34,Wisconsin,21
2019,Big12,West_Virginia,29,Kansas,24
2019,Big12,Texas,36,Oklahoma_St,30
2019,Big12,TCU,51,Kansas,14
2019,Big12,Oklahoma_St,26,Kansas_St,13
2019,Big12,Oklahoma,55,Texas_Tech,16
2019,Big12,Baylor,23,Iowa_St,21
2019,Big12,Baylor,31,Kansas_St,12
2019,Big12,Oklahoma,45,Kansas,20
2019,Big12,Texas_Tech,45,Oklahoma_St,35
2019,Big12,Texas,42,West_Virginia,31
2019,Big12,Iowa_St,49,TCU,24
2019,Big12,Baylor,33,Texas_Tech,30
2019,Big12,Oklahoma,34,Texas,27
2019,Big12,Iowa_St,38,West_Virginia,14
2019,Big12,Baylor,45,Oklahoma_St,27
2019,Big12,Texas,50,Kansas,48
2019,Big12,Kansas_St,24,TCU,17
2019,Big12,Oklahoma,52,West_Virginia,14
2019,Big12,Iowa_St,34,Texas_Tech,24
2019,Big12,Kansas,37,Texas_Tech,34
2019,Big12,Kansas_St,48,Oklahoma,41
2019,Big12,TCU,37,Texas,27
2019,Big12,Oklahoma_St,34,Iowa_St,27
2019,Big12,Baylor,17,West_Virginia,14
2019,Big12,Kansas_St,38,Kansas,10
2019,Big12,Oklahoma_St,34,TCU,27
2019,Big12,Baylor,29,TCU,23
2019,Big12,Texas,27,Kansas_St,24
2019,Big12,Texas_Tech,38,West_Virginia,17
2019,Big12,Oklahoma,42,Iowa_St,41
2019,Big12,Oklahoma,34,Baylor,31
2019,Big12,Oklahoma_St,31,Kansas,13
2019,Big12,West_Virginia,24,Kansas_St,20
2019,Big12,TCU,33,Texas_Tech,31
2019,Big12,Iowa_St,23,Texas,21
2019,Big12,Baylor,24,Texas,10
2019,Big12,Kansas_St,30,Texas_Tech,27
2019,Big12,Oklahoma,28,TCU,24
2019,Big12,Oklahoma_St,20,West_Virginia,13
2019,Big12,Iowa_St,41,Kansas,31
2019,Big12,West_Virginia,20,TCU,17
2019,Big12,Texas,49,Texas_Tech,24
2019,Big12,Baylor,61,Kansas,6
2019,Big12,Oklahoma,34,Oklahoma_St,16
2019,Big12,Kansas_St,27,Iowa_St,17
2019,Big12,Oklahoma,30,Baylor,23
2019,SEC,Georgia,30,Vanderbilt,6
2019,SEC,Mississippi,31,Arkansas,17
2019,SEC,Alabama,47,South_Carolina,23
2019,SEC,Florida,29,Kentucky,21
2019,SEC,Auburn,28,Texas_A&M,20
2019,SEC,Florida,34,Tennessee,3
2019,SEC,Mississippi_St,28,Kentucky,13
2019,SEC,LSU,66,Vanderbilt,38
2019,SEC,Missouri,34,South_Carolina,14
2019,SEC,Alabama,59,Mississippi,31
2019,SEC,Auburn,56,Mississippi_St,23
2019,SEC,South_Carolina,24,Kentucky,7
2019,SEC,Texas_A&M,31,Arkansas,27
2019,SEC,Florida,24,Auburn,13
2019,SEC,Georgia,43,Tennessee,14
2019,SEC,Mississippi,31,Vanderbilt,6
2019,SEC,Alabama,47,Texas_A&M,28
2019,SEC,LSU,42,Florida,28
2019,SEC,South_Carolina,20,Georgia,17
2019,SEC,Missouri,38,Mississippi,27
2019,SEC,Tennessee,20,Mississippi_St,10
2019,SEC,Kentucky,24,Arkansas,20
2019,SEC,Alabama,35,Tennessee,13
2019,SEC,Florida,38,South_Carolina,27
2019,SEC,Georgia,21,Kentucky,0
2019,SEC,LSU,36,Mississippi_St,13
2019,SEC,Texas_A&M,24,Mississippi,17
2019,SEC,Vanderbilt,21,Missouri,14
2019,SEC,Auburn,51,Arkansas,10
2019,SEC,LSU,23,Auburn,20
2019,SEC,Kentucky,29,Missouri,7
2019,SEC,Texas_A&M,49,Mississippi_St,30
2019,SEC,Tennessee,41,South_Carolina,21
2019,SEC,Alabama,48,Arkansas,7
2019,SEC,Auburn,20,Mississippi,14
2019,SEC,Georgia,24,Florida,17
2019,SEC,South_Carolina,24,Vanderbilt,7
2019,SEC,Mississippi_St,54,Arkansas,24
2019,SEC,LSU,46,Alabama,41
2019,SEC,Florida,56,Vanderbilt,0
2019,SEC,Georgia,27,Missouri,0
2019,SEC,Tennessee,17,Kentucky,13
2019,SEC,Alabama,38,Mississippi_St,7
2019,SEC,Georgia,21,Auburn,14
2019,SEC,Florida,23,Missouri,6
2019,SEC,Kentucky,38,Vanderbilt,14
2019,SEC,LSU,58,Mississippi,37
2019,SEC,Texas_A&M,30,South_Carolina,6
2019,SEC,Georgia,19,Texas_A&M,13
2019,SEC,Tennessee,24,Missouri,20
2019,SEC,LSU,56,Arkansas,20
2019,SEC,Mississippi_St,21,Mississippi,20
2019,SEC,Missouri,24,Arkansas,14
2019,SEC,Auburn,48,Alabama,45
2019,SEC,LSU,50,Texas_A&M,7
2019,SEC,Tennessee,28,Vanderbilt,10
2019,SEC,LSU,37,Georgia,10
2019,PAC12,California,20,Washington,19
2019,PAC12,USC,45,Stanford,20
2019,PAC12,USC,30,Utah,23
2019,PAC12,Colorado,34,Arizona_St,31
2019,PAC12,Oregon,21,Stanford,6
2019,PAC12,UCLA,67,Washington_St,63
2019,PAC12,Arizona_St,24,California,17
2019,PAC12,Arizona,20,UCLA,17
2019,PAC12,Stanford,31,Oregon_St,28
2019,PAC12,Washington,28,USC,14
2019,PAC12,Utah,38,Washington_St,13
2019,PAC12,Arizona,35,Colorado,30
2019,PAC12,Oregon,17,California,7
2019,PAC12,Oregon_St,48,UCLA,31
2019,PAC12,Stanford,23,Washington,13
2019,PAC12,Oregon,45,Colorado,3
2019,PAC12,Washington,51,Arizona,27
2019,PAC12,Arizona_St,38,Washington_St,34
2019,PAC12,Utah,52,Oregon_St,7
2019,PAC12,UCLA,34,Stanford,16
2019,PAC12,USC,41,Arizona,14
2019,PAC12,Utah,21,Arizona_St,3
2019,PAC12,Oregon_St,21,California,17
2019,PAC12,Washington_St,41,Colorado,10
2019,PAC12,Oregon,35,Washington,31
2019,PAC12,USC,35,Colorado,31
2019,PAC12,Stanford,41,Arizona,31
2019,PAC12,UCLA,42,Arizona_St,32
2019,PAC12,Utah,35,California,0
2019,PAC12,Oregon,37,Washington_St,35
2019,PAC12,Oregon_St,56,Arizona,38
2019,PAC12,UCLA,31,Colorado,14
2019,PAC12,Oregon,56,USC,24
2019,PAC12,Utah,33,Washington,28
2019,PAC12,Washington,19,Oregon_St,7
2019,PAC12,USC,31,Arizona_St,26
2019,PAC12,California,33,Washington_St,20
2019,PAC12,Colorado,16,Stanford,13
2019,PAC12,Oregon,34,Arizona,6
2019,PAC12,Oregon_St,35,Arizona_St,34
2019,PAC12,USC,41,California,17
2019,PAC12,Washington_St,49,Stanford,22
2019,PAC12,Utah,49,UCLA,3
2019,PAC12,Utah,35,Arizona,7
2019,PAC12,Arizona_St,31,Oregon,28
2019,PAC12,California,24,Stanford,20
2019,PAC12,Colorado,20,Washington,14
2019,PAC12,Washington_St,54,Oregon_St,53
2019,PAC12,USC,52,UCLA,35
2019,PAC12,Washington,31,Washington_St,13
2019,PAC12,Arizona_St,24,Arizona,14
2019,PAC12,California,28,UCLA,18
2019,PAC12,Utah,45,Colorado,15
2019,PAC12,Oregon,24,Oregon_St,10
2019,PAC12,Oregon,37,Utah,15
2018,ACC,Virginia_Tech,24,Florida_St,3
2018,ACC,Boston_College,41,Wake_Forest,34
2018,ACC,Syracuse,30,Florida_St,7
2018,ACC,Pittsburgh,24,Georgia_Tech,19
2018,ACC,North_Carolina,38,Pittsburgh,35
2018,ACC,Clemson,49,Georgia_Tech,21
2018,ACC,Virginia,27,Louisville,3
2018,ACC,Miami_FL,47,North_Carolina,10
2018,ACC,Clemson,27,Syracuse,23
2018,ACC,Virginia_Tech,31,Duke,14
2018,ACC,Florida_St,28,Louisville,24
2018,ACC,NC_State,35,Virginia,21
2018,ACC,Georgia_Tech,66,Louisville,31
2018,ACC,NC_State,28,Boston_College,23
2018,ACC,Clemson,63,Wake_Forest,3
2018,ACC,Pittsburgh,44,Syracuse,37
2018,ACC,Miami_FL,28,Florida_St,27
2018,ACC,Boston_College,38,Louisville,20
2018,ACC,Duke,28,Georgia_Tech,14
2018,ACC,Virginia_Tech,22,North_Carolina,19
2018,ACC,Virginia,16,Miami_FL,13
2018,ACC,Clemson,41,NC_State,7
2018,ACC,Virginia,28,Duke,14
2018,ACC,Syracuse,40,North_Carolina,37
2018,ACC,Florida_St,38,Wake_Forest,17
2018,ACC,Georgia_Tech,49,Virginia_Tech,28
2018,ACC,Boston_College,27,Miami_FL,14
2018,ACC,Pittsburgh,54,Duke,45
2018,ACC,Wake_Forest,56,Louisville,35
2018,ACC,Syracuse,51,NC_State,41
2018,ACC,Clemson,59,Florida_St,10
2018,ACC,Virginia,31,North_Carolina,21
2018,ACC,Pittsburgh,23,Virginia,13
2018,ACC,Clemson,77,Louisville,16
2018,ACC,Duke,20,Miami_FL,12
2018,ACC,Georgia_Tech,38,North_Carolina,28
2018,ACC,Syracuse,41,Wake_Forest,24
2018,ACC,NC_State,47,Florida_St,28
2018,ACC,Boston_College,31,Virginia_Tech,21
2018,ACC,Wake_Forest,27,NC_State,23
2018,ACC,Syracuse,54,Louisville,23
2018,ACC,Clemson,27,Boston_College,7
2018,ACC,Duke,42,North_Carolina,35
2018,ACC,Georgia_Tech,27,Miami_FL,21
2018,ACC,Pittsburgh,52,Virginia_Tech,22
2018,ACC,Clemson,35,Duke,6
2018,ACC,NC_State,52,Louisville,10
2018,ACC,Pittsburgh,34,Wake_Forest,13
2018,ACC,Florida_St,22,Boston_College,21
2018,ACC,Georgia_Tech,30,Virginia,27
2018,ACC,Miami_FL,38,Virginia_Tech,14
2018,ACC,Virginia_Tech,34,Virginia,31
2018,ACC,Syracuse,42,Boston_College,21
2018,ACC,Wake_Forest,59,Duke,7
2018,ACC,Miami_FL,24,Pittsburgh,3
2018,ACC,NC_State,34,North_Carolina,28
2018,ACC,Clemson,42,Pittsburgh,10
2018,B1G,Northwestern,31,Purdue,27
2018,B1G,Ohio_St,52,Rutgers,3
2018,B1G,Penn_St,63,Illinois,24
2018,B1G,Michigan_St,35,Indiana,21
2018,B1G,Wisconsin,28,Iowa,17
2018,B1G,Maryland,42,Minnesota,13
2018,B1G,Michigan,56,Nebraska,10
2018,B1G,Indiana,24,Rutgers,17
2018,B1G,Michigan,20,Northwestern,17
2018,B1G,Purdue,42,Nebraska,28
2018,B1G,Ohio_St,27,Penn_St,26
2018,B1G,Illinois,38,Rutgers,17
2018,B1G,Ohio_St,49,Indiana,26
2018,B1G,Iowa,48,Minnesota,31
2018,B1G,Michigan,42,Maryland,21
2018,B1G,Northwestern,29,Michigan_St,19
2018,B1G,Wisconsin,41,Nebraska,24
2018,B1G,Purdue,46,Illinois,7
2018,B1G,Iowa,42,Indiana,16
2018,B1G,Maryland,34,Rutgers,7
2018,B1G,Michigan,38,Wisconsin,13
2018,B1G,Michigan_St,21,Penn_St,17
2018,B1G,Ohio_St,30,Minnesota,14
2018,B1G,Northwestern,34,Nebraska,31
2018,B1G,Wisconsin,49,Illinois,20
2018,B1G,Penn_St,33,Indiana,28
2018,B1G,Iowa,23,Maryland,0
2018,B1G,Michigan,21,Michigan_St,7
2018,B1G,Nebraska,53,Minnesota,28
2018,B1G,Purdue,49,Ohio_St,20
2018,B1G,Northwestern,18,Rutgers,15
2018,B1G,Minnesota,38,Indiana,31
2018,B1G,Maryland,63,Illinois,33
2018,B1G,Penn_St,30,Iowa,24
2018,B1G,Michigan_St,23,Purdue,13
2018,B1G,Northwestern,31,Wisconsin,17
2018,B1G,Illinois,55,Minnesota,31
2018,B1G,Purdue,38,Iowa,36
2018,B1G,Michigan_St,24,Maryland,3
2018,B1G,Michigan,42,Penn_St,7
2018,B1G,Ohio_St,36,Nebraska,31
2018,B1G,Wisconsin,31,Rutgers,17
2018,B1G,Nebraska,54,Illinois,35
2018,B1G,Indiana,34,Maryland,32
2018,B1G,Northwestern,14,Iowa,10
2018,B1G,Michigan,42,Rutgers,7
2018,B1G,Minnesota,41,Purdue,10
2018,B1G,Penn_St,22,Wisconsin,10
2018,B1G,Ohio_St,26,Michigan_St,6
2018,B1G,Iowa,63,Illinois,0
2018,B1G,Michigan,31,Indiana,20
2018,B1G,Nebraska,9,Michigan_St,6
2018,B1G,Northwestern,24,Minnesota,14
2018,B1G,Penn_St,20,Rutgers,7
2018,B1G,Wisconsin,47,Purdue,44
2018,B1G,Ohio_St,52,Maryland,51
2018,B1G,Iowa,31,Nebraska,28
2018,B1G,Northwestern,24,Illinois,16
2018,B1G,Purdue,28,Indiana,21
2018,B1G,Penn_St,38,Maryland,3
2018,B1G,Ohio_St,62,Michigan,39
2018,B1G,Michigan_St,14,Rutgers,10
2018,B1G,Minnesota,37,Wisconsin,15
2018,B1G,Ohio_St,45,Northwestern,24
2018,Big12,Oklahoma,37,Iowa_St,27
2018,Big12,Baylor,26,Kansas,7
2018,Big12,Texas_Tech,41,Oklahoma_St,17
2018,Big12,Texas,31,TCU,16
2018,Big12,West_Virginia,35,Kansas_St,6
2018,Big12,TCU,17,Iowa_St,14
2018,Big12,Oklahoma_St,48,Kansas,28
2018,Big12,Texas,19,Kansas_St,14
2018,Big12,Oklahoma,66,Baylor,33
2018,Big12,West_Virginia,42,Texas_Tech,34
2018,Big12,Iowa_St,48,Oklahoma_St,42
2018,Big12,Baylor,37,Kansas_St,34
2018,Big12,Texas,48,Oklahoma,45
2018,Big12,West_Virginia,38,Kansas,22
2018,Big12,Texas_Tech,17,TCU,14
2018,Big12,Texas,23,Baylor,17
2018,Big12,Iowa_St,30,West_Virginia,14
2018,Big12,Kansas_St,31,Oklahoma_St,12
2018,Big12,Texas_Tech,48,Kansas,16
2018,Big12,Oklahoma,52,TCU,27
2018,Big12,West_Virginia,58,Baylor,14
2018,Big12,Iowa_St,40,Texas_Tech,31
2018,Big12,Kansas,27,TCU,26
2018,Big12,Oklahoma_St,38,Texas,35
2018,Big12,Oklahoma,51,Kansas_St,14
2018,Big12,Baylor,35,Oklahoma_St,31
2018,Big12,Iowa_St,27,Kansas,3
2018,Big12,TCU,14,Kansas_St,13
2018,Big12,West_Virginia,42,Texas,41
2018,Big12,Oklahoma,51,Texas_Tech,46
2018,Big12,Iowa_St,28,Baylor,14
2018,Big12,Texas,41,Texas_Tech,34
2018,Big12,Kansas_St,21,Kansas,17
2018,Big12,Oklahoma,48,Oklahoma_St,47
2018,Big12,West_Virginia,47,TCU,10
2018,Big12,TCU,16,Baylor,9
2018,Big12,Texas,24,Iowa_St,10
2018,Big12,Kansas_St,21,Texas_Tech,6
2018,Big12,Oklahoma,55,Kansas,40
2018,Big12,Oklahoma_St,45,West_Virginia,41
2018,Big12,Texas,24,Kansas,17
2018,Big12,Oklahoma,59,West_Virginia,56
2018,Big12,Baylor,35,Texas_Tech,24
2018,Big12,TCU,31,Oklahoma_St,24
2018,Big12,Iowa_St,42,Kansas_St,38
2018,Big12,Oklahoma,39,Texas,27
2018,SEC,Georgia,41,South_Carolina,17
2018,SEC,Kentucky,27,Florida,16
2018,SEC,Alabama,62,Mississippi,7
2018,SEC,LSU,22,Auburn,21
2018,SEC,Alabama,45,Texas_A&M,23
2018,SEC,Georgia,43,Missouri,29
2018,SEC,Kentucky,28,Mississippi_St,7
2018,SEC,South_Carolina,37,Vanderbilt,14
2018,SEC,Auburn,34,Arkansas,3
2018,SEC,Florida,47,Tennessee,21
2018,SEC,Florida,13,Mississippi_St,6
2018,SEC,Kentucky,24,South_Carolina,10
2018,SEC,LSU,45,Mississippi,16
2018,SEC,Georgia,38,Tennessee,12
2018,SEC,Texas_A&M,24,Arkansas,17
2018,SEC,Mississippi_St,23,Auburn,9
2018,SEC,Florida,27,LSU,19
2018,SEC,Georgia,41,Vanderbilt,13
2018,SEC,Texas_A&M,20,Kentucky,14
2018,SEC,South_Carolina,37,Missouri,35
2018,SEC,Alabama,65,Arkansas,31
2018,SEC,Alabama,39,Missouri,10
2018,SEC,Florida,37,Vanderbilt,27
2018,SEC,LSU,36,Georgia,16
2018,SEC,Texas_A&M,26,South_Carolina,23
2018,SEC,Mississippi,37,Arkansas,33
2018,SEC,Tennessee,30,Auburn,24
2018,SEC,Auburn,31,Mississippi,16
2018,SEC,Kentucky,14,Vanderbilt,7
2018,SEC,LSU,19,Mississippi_St,3
2018,SEC,Alabama,58,Tennessee,21
2018,SEC,Georgia,36,Florida,17
2018,SEC,Kentucky,15,Missouri,14
2018,SEC,Mississippi_St,28,Texas_A&M,13
2018,SEC,Vanderbilt,45,Arkansas,31
2018,SEC,South_Carolina,27,Tennessee,24
2018,SEC,Alabama,29,LSU,0
2018,SEC,Auburn,28,Texas_A&M,24
2018,SEC,Missouri,38,Florida,17
2018,SEC,Georgia,34,Kentucky,17
2018,SEC,South_Carolina,48,Mississippi,44
2018,SEC,Alabama,24,Mississippi_St,0
2018,SEC,Georgia,27,Auburn,10
2018,SEC,Florida,35,South_Carolina,31
2018,SEC,Texas_A&M,38,Mississippi,24
2018,SEC,Missouri,33,Vanderbilt,28
2018,SEC,LSU,24,Arkansas,17
2018,SEC,Tennessee,24,Kentucky,7
2018,SEC,Vanderbilt,36,Mississippi,29
2018,SEC,Mississippi_St,52,Arkansas,6
2018,SEC,Missouri,50,Tennessee,17
2018,SEC,Mississippi_St,35,Mississippi,3
2018,SEC,Missouri,38,Arkansas,0
2018,SEC,Alabama,52,Auburn,21
2018,SEC,Texas_A&M,74,LSU,72
2018,SEC,Vanderbilt,38,Tennessee,13
2018,SEC,Alabama,35,Georgia,28
2018,PAC12,Stanford,17,USC,3
2018,PAC12,Washington,21,Utah,7
2018,PAC12,USC,39,Washington_St,36
2018,PAC12,Arizona,35,Oregon_St,14
2018,PAC12,Washington,27,Arizona_St,20
2018,PAC12,Stanford,38,Oregon,31
2018,PAC12,Colorado,38,UCLA,16
2018,PAC12,USC,24,Arizona,20
2018,PAC12,Arizona_St,52,Oregon_St,24
2018,PAC12,Oregon,42,California,24
2018,PAC12,Washington_St,28,Utah,24
2018,PAC12,Arizona,24,California,17
2018,PAC12,Colorado,28,Arizona_St,21
2018,PAC12,Washington_St,56,Oregon_St,37
2018,PAC12,Utah,40,Stanford,21
2018,PAC12,Washington,31,UCLA,24
2018,PAC12,Utah,42,Arizona,10
2018,PAC12,UCLA,37,California,7
2018,PAC12,USC,31,Colorado,20
2018,PAC12,Oregon,30,Washington,27
2018,PAC12,Stanford,20,Arizona_St,13
2018,PAC12,UCLA,31,Arizona,30
2018,PAC12,California,49,Oregon_St,7
2018,PAC12,Washington,27,Colorado,13
2018,PAC12,Washington_St,34,Oregon,20
2018,PAC12,Utah,41,USC,28
2018,PAC12,Utah,41,UCLA,10
2018,PAC12,Arizona,44,Oregon,15
2018,PAC12,Arizona_St,38,USC,35
2018,PAC12,California,12,Washington,10
2018,PAC12,Oregon_St,41,Colorado,34
2018,PAC12,Washington_St,41,Stanford,38
2018,PAC12,Arizona,42,Colorado,34
2018,PAC12,Arizona_St,38,Utah,20
2018,PAC12,Washington_St,19,California,13
2018,PAC12,Oregon,42,UCLA,21
2018,PAC12,USC,38,Oregon_St,21
2018,PAC12,Washington,27,Stanford,23
2018,PAC12,Arizona_St,31,UCLA,28
2018,PAC12,California,15,USC,14
2018,PAC12,Washington_St,31,Colorado,7
2018,PAC12,Utah,32,Oregon,25
2018,PAC12,Stanford,48,Oregon_St,17
2018,PAC12,Washington_St,69,Arizona,28
2018,PAC12,Oregon,31,Arizona_St,29
2018,PAC12,Utah,30,Colorado,7
2018,PAC12,Washington,42,Oregon_St,23
2018,PAC12,UCLA,34,USC,27
2018,PAC12,Oregon,55,Oregon_St,15
2018,PAC12,Washington,28,Washington_St,15
2018,PAC12,Arizona_St,41,Arizona,40
2018,PAC12,California,33,Colorado,21
2018,PAC12,Stanford,49,UCLA,42
2018,PAC12,Washington,10,Utah,3
2018,PAC12,Stanford,23,California,13
2017,ACC,Wake_Forest,34,Boston_College,10
2017,ACC,Louisville,47,North_Carolina,35
2017,ACC,Clemson,47,Louisville,21
2017,ACC,Clemson,34,Boston_College,7
2017,ACC,NC_State,27,Florida_St,21
2017,ACC,Georgia_Tech,35,Pittsburgh,17
2017,ACC,Duke,27,North_Carolina,17
2017,ACC,Miami_FL,31,Duke,6
2017,ACC,Georgia_Tech,33,North_Carolina,7
2017,ACC,NC_State,33,Syracuse,25
2017,ACC,Clemson,31,Virginia_Tech,17
2017,ACC,Florida_St,26,Wake_Forest,19
2017,ACC,NC_State,39,Louisville,25
2017,ACC,Miami_FL,24,Florida_St,20
2017,ACC,Virginia_Tech,23,Boston_College,10
2017,ACC,Clemson,28,Wake_Forest,14
2017,ACC,Syracuse,27,Pittsburgh,24
2017,ACC,Virginia,28,Duke,21
2017,ACC,Syracuse,27,Clemson,24
2017,ACC,Miami_FL,25,Georgia_Tech,24
2017,ACC,Florida_St,17,Duke,10
2017,ACC,Boston_College,45,Louisville,42
2017,ACC,Virginia,20,North_Carolina,14
2017,ACC,NC_State,35,Pittsburgh,17
2017,ACC,Pittsburgh,24,Duke,17
2017,ACC,Louisville,31,Florida_St,28
2017,ACC,Georgia_Tech,38,Wake_Forest,24
2017,ACC,Miami_FL,27,Syracuse,19
2017,ACC,Boston_College,41,Virginia,10
2017,ACC,Virginia_Tech,59,North_Carolina,7
2017,ACC,Boston_College,35,Florida_St,3
2017,ACC,Clemson,24,Georgia_Tech,10
2017,ACC,Miami_FL,24,North_Carolina,19
2017,ACC,Pittsburgh,31,Virginia,14
2017,ACC,Virginia_Tech,24,Duke,3
2017,ACC,Wake_Forest,42,Louisville,32
2017,ACC,Florida_St,27,Syracuse,24
2017,ACC,Miami_FL,28,Virginia_Tech,10
2017,ACC,Clemson,38,NC_State,31
2017,ACC,Virginia,40,Georgia_Tech,36
2017,ACC,North_Carolina,34,Pittsburgh,31
2017,ACC,NC_State,17,Boston_College,14
2017,ACC,Clemson,31,Florida_St,14
2017,ACC,Georgia_Tech,28,Virginia_Tech,22
2017,ACC,Louisville,38,Virginia,21
2017,ACC,Wake_Forest,64,Syracuse,43
2017,ACC,Duke,43,Georgia_Tech,20
2017,ACC,Louisville,56,Syracuse,10
2017,ACC,Miami_FL,44,Virginia,28
2017,ACC,Virginia_Tech,20,Pittsburgh,14
2017,ACC,Wake_Forest,30,NC_State,24
2017,ACC,Pittsburgh,24,Miami_FL,14
2017,ACC,Virginia_Tech,10,Virginia,0
2017,ACC,NC_State,33,North_Carolina,21
2017,ACC,Boston_College,42,Syracuse,14
2017,ACC,Duke,31,Wake_Forest,23
2017,ACC,Clemson,38,Miami_FL,3
2017,B1G,Ohio_St,49,Indiana,21
2017,B1G,Michigan,28,Purdue,10
2017,B1G,Penn_St,21,Iowa,19
2017,B1G,Nebraska,27,Rutgers,17
2017,B1G,Nebraska,28,Illinois,6
2017,B1G,Michigan_St,17,Iowa,10
2017,B1G,Penn_St,45,Indiana,14
2017,B1G,Ohio_St,56,Rutgers,0
2017,B1G,Maryland,31,Minnesota,24
2017,B1G,Wisconsin,33,Northwestern,24
2017,B1G,Michigan_St,14,Michigan,10
2017,B1G,Ohio_St,62,Maryland,14
2017,B1G,Purdue,31,Minnesota,17
2017,B1G,Iowa,45,Illinois,16
2017,B1G,Wisconsin,38,Nebraska,17
2017,B1G,Penn_St,31,Northwestern,7
2017,B1G,Michigan,27,Indiana,20
2017,B1G,Northwestern,37,Maryland,21
2017,B1G,Rutgers,35,Illinois,24
2017,B1G,Michigan_St,30,Minnesota,27
2017,B1G,Ohio_St,56,Nebraska,14
2017,B1G,Wisconsin,17,Purdue,9
2017,B1G,Michigan_St,17,Indiana,9
2017,B1G,Penn_St,42,Michigan,13
2017,B1G,Rutgers,14,Purdue,12
2017,B1G,Minnesota,24,Illinois,17
2017,B1G,Northwestern,17,Iowa,10
2017,B1G,Wisconsin,38,Maryland,13
2017,B1G,Maryland,42,Indiana,39
2017,B1G,Michigan,35,Rutgers,14
2017,B1G,Ohio_St,39,Penn_St,38
2017,B1G,Nebraska,25,Purdue,24
2017,B1G,Wisconsin,24,Illinois,10
2017,B1G,Iowa,17,Minnesota,10
2017,B1G,Northwestern,39,Michigan_St,31
2017,B1G,Wisconsin,45,Indiana,17
2017,B1G,Michigan,33,Minnesota,10
2017,B1G,Michigan_St,27,Penn_St,24
2017,B1G,Purdue,29,Illinois,10
2017,B1G,Iowa,55,Ohio_St,24
2017,B1G,Northwestern,31,Nebraska,24
2017,B1G,Rutgers,31,Maryland,24
2017,B1G,Michigan,35,Maryland,10
2017,B1G,Ohio_St,48,Michigan_St,3
2017,B1G,Penn_St,35,Rutgers,6
2017,B1G,Indiana,24,Illinois,14
2017,B1G,Minnesota,54,Nebraska,21
2017,B1G,Northwestern,23,Purdue,13
2017,B1G,Wisconsin,38,Iowa,14
2017,B1G,Indiana,41,Rutgers,0
2017,B1G,Michigan_St,17,Maryland,7
2017,B1G,Ohio_St,52,Illinois,14
2017,B1G,Penn_St,56,Nebraska,44
2017,B1G,Purdue,24,Iowa,15
2017,B1G,Northwestern,39,Minnesota,0
2017,B1G,Wisconsin,24,Michigan,10
2017,B1G,Iowa,56,Nebraska,14
2017,B1G,Penn_St,66,Maryland,3
2017,B1G,Ohio_St,31,Michigan,20
2017,B1G,Purdue,31,Indiana,24
2017,B1G,Michigan_St,40,Rutgers,7
2017,B1G,Northwestern,42,Illinois,7
2017,B1G,Wisconsin,31,Minnesota,0
2017,B1G,Ohio_St,27,Wisconsin,21
2017,Big12,Oklahoma,49,Baylor,41
2017,Big12,West_Virginia,56,Kansas,34
2017,Big12,TCU,44,Oklahoma_St,31
2017,Big12,Texas,17,Iowa_St,7
2017,Big12,Kansas_St,33,Baylor,20
2017,Big12,Oklahoma_St,41,Texas_Tech,34
2017,Big12,Texas_Tech,65,Kansas,19
2017,Big12,Iowa_St,38,Oklahoma,31
2017,Big12,TCU,31,West_Virginia,24
2017,Big12,Texas,40,Kansas_St,34
2017,Big12,West_Virginia,46,Texas_Tech,35
2017,Big12,Iowa_St,45,Kansas,0
2017,Big12,TCU,26,Kansas_St,6
2017,Big12,Oklahoma,29,Texas,24
2017,Big12,Oklahoma_St,59,Baylor,16
2017,Big12,West_Virginia,38,Baylor,36
2017,Big12,Oklahoma,42,Kansas_St,35
2017,Big12,TCU,43,Kansas,0
2017,Big12,Oklahoma_St,13,Texas,10
2017,Big12,Iowa_St,31,Texas_Tech,13
2017,Big12,Oklahoma_St,50,West_Virginia,39
2017,Big12,Texas,38,Baylor,7
2017,Big12,Iowa_St,14,TCU,7
2017,Big12,Kansas_St,30,Kansas,20
2017,Big12,Oklahoma,49,Texas_Tech,27
2017,Big12,West_Virginia,20,Iowa_St,16
2017,Big12,Baylor,38,Kansas,9
2017,Big12,Oklahoma,62,Oklahoma_St,52
2017,Big12,TCU,24,Texas,7
2017,Big12,Kansas_St,42,Texas_Tech,35
2017,Big12,Oklahoma_St,49,Iowa_St,42
2017,Big12,West_Virginia,28,Kansas_St,23
2017,Big12,Oklahoma,38,TCU,20
2017,Big12,Texas,42,Kansas,27
2017,Big12,Texas_Tech,38,Baylor,24
2017,Big12,Texas,28,West_Virginia,14
2017,Big12,Iowa_St,23,Baylor,13
2017,Big12,Oklahoma,41,Kansas,3
2017,Big12,Kansas_St,45,Oklahoma_St,40
2017,Big12,TCU,27,Texas_Tech,3
2017,Big12,TCU,45,Baylor,22
2017,Big12,Texas_Tech,27,Texas,23
2017,Big12,Kansas_St,20,Iowa_St,19
2017,Big12,Oklahoma,59,West_Virginia,31
2017,Big12,Oklahoma_St,58,Kansas,17
2017,Big12,Oklahoma,41,TCU,17
2017,SEC,South_Carolina,31,Missouri,13
2017,SEC,Florida,26,Tennessee,20
2017,SEC,Kentucky,23,South_Carolina,13
2017,SEC,Mississippi_St,37,LSU,7
2017,SEC,Georgia,31,Mississippi_St,3
2017,SEC,Florida,28,Kentucky,27
2017,SEC,Auburn,51,Missouri,14
2017,SEC,Texas_A&M,50,Arkansas,43
2017,SEC,Alabama,59,Vanderbilt,0
2017,SEC,Florida,38,Vanderbilt,24
2017,SEC,Georgia,41,Tennessee,0
2017,SEC,Alabama,66,Mississippi,3
2017,SEC,Auburn,49,Mississippi_St,10
2017,SEC,Texas_A&M,24,South_Carolina,17
2017,SEC,LSU,17,Florida,16
2017,SEC,Kentucky,40,Missouri,34
2017,SEC,South_Carolina,48,Arkansas,22
2017,SEC,Auburn,44,Mississippi,23
2017,SEC,Alabama,27,Texas_A&M,19
2017,SEC,Georgia,45,Vanderbilt,14
2017,SEC,Texas_A&M,19,Florida,17
2017,SEC,Georgia,53,Missouri,28
2017,SEC,South_Carolina,15,Tennessee,9
2017,SEC,Alabama,41,Arkansas,9
2017,SEC,LSU,27,Auburn,23
2017,SEC,Mississippi,57,Vanderbilt,35
2017,SEC,Alabama,45,Tennessee,7
2017,SEC,Auburn,52,Arkansas,20
2017,SEC,Mississippi_St,45,Kentucky,7
2017,SEC,LSU,40,Mississippi,24
2017,SEC,Georgia,42,Florida,7
2017,SEC,Kentucky,29,Tennessee,26
2017,SEC,South_Carolina,34,Vanderbilt,27
2017,SEC,Arkansas,38,Mississippi,37
2017,SEC,Mississippi_St,35,Texas_A&M,14
2017,SEC,Georgia,24,South_Carolina,10
2017,SEC,Mississippi,37,Kentucky,34
2017,SEC,Alabama,24,LSU,10
2017,SEC,Missouri,45,Florida,16
2017,SEC,Auburn,42,Texas_A&M,27
2017,SEC,South_Carolina,28,Florida,20
2017,SEC,Auburn,40,Georgia,17
2017,SEC,LSU,33,Arkansas,10
2017,SEC,Alabama,31,Mississippi_St,24
2017,SEC,Missouri,50,Tennessee,17
2017,SEC,Kentucky,44,Vanderbilt,21
2017,SEC,Georgia,42,Kentucky,13
2017,SEC,Mississippi_St,28,Arkansas,21
2017,SEC,Texas_A&M,31,Mississippi,24
2017,SEC,LSU,30,Tennessee,10
2017,SEC,Missouri,45,Vanderbilt,17
2017,SEC,Mississippi,31,Mississippi_St,28
2017,SEC,Missouri,48,Arkansas,45
2017,SEC,Vanderbilt,42,Tennessee,24
2017,SEC,Auburn,26,Alabama,14
2017,SEC,LSU,45,Texas_A&M,21
2017,SEC,Georgia,28,Auburn,7
2017,SEC,Alabama,26,Georgia,23
2017,PAC12,USC,42,Stanford,24
2017,PAC12,Washington_St,52,Oregon_St,23
2017,PAC12,Utah,30,Arizona,24
2017,PAC12,Washington,37,Colorado,10
2017,PAC12,Arizona_St,37,Oregon,35
2017,PAC12,USC,30,California,20
2017,PAC12,Stanford,58,UCLA,34
2017,PAC12,Washington_St,30,USC,27
2017,PAC12,Oregon,45,California,24
2017,PAC12,Washington,42,Oregon_St,7
2017,PAC12,Stanford,34,Arizona_St,24
2017,PAC12,UCLA,27,Colorado,23
2017,PAC12,Arizona,45,Colorado,42
2017,PAC12,Stanford,23,Utah,20
2017,PAC12,Washington_St,33,Oregon,10
2017,PAC12,USC,38,Oregon_St,10
2017,PAC12,Washington,38,California,7
2017,PAC12,California,37,Washington_St,3
2017,PAC12,Arizona,47,UCLA,30
2017,PAC12,Arizona_St,13,Washington,7
2017,PAC12,Colorado,36,Oregon_St,33
2017,PAC12,Stanford,49,Oregon,7
2017,PAC12,USC,28,Utah,27
2017,PAC12,Arizona_St,30,Utah,10
2017,PAC12,Arizona,45,California,44
2017,PAC12,UCLA,31,Oregon,14
2017,PAC12,Washington_St,28,Colorado,0
2017,PAC12,Stanford,15,Oregon_St,14
2017,PAC12,Colorado,44,California,28
2017,PAC12,USC,48,Arizona_St,17
2017,PAC12,Oregon,41,Utah,20
2017,PAC12,Washington,44,UCLA,23
2017,PAC12,Arizona,58,Washington_St,37
2017,PAC12,Utah,48,UCLA,17
2017,PAC12,Arizona_St,41,Colorado,30
2017,PAC12,California,37,Oregon_St,23
2017,PAC12,USC,49,Arizona,35
2017,PAC12,Washington,38,Oregon,3
2017,PAC12,Washington_St,24,Stanford,21
2017,PAC12,Stanford,30,Washington,22
2017,PAC12,Arizona,49,Oregon_St,28
2017,PAC12,USC,38,Colorado,24
2017,PAC12,Washington_St,33,Utah,25
2017,PAC12,UCLA,44,Arizona_St,37
2017,PAC12,Oregon,48,Arizona,28
2017,PAC12,Arizona_St,40,Oregon_St,24
2017,PAC12,Stanford,17,California,14
2017,PAC12,USC,28,UCLA,23
2017,PAC12,Washington,33,Utah,30
2017,PAC12,UCLA,30,California,27
2017,PAC12,Arizona_St,42,Arizona,30
2017,PAC12,Utah,34,Colorado,13
2017,PAC12,Oregon,69,Oregon_St,10
2017,PAC12,Washington,41,Washington_St,14
2017,PAC12,USC,31,Stanford,28
