Grade 1,Grade 2,Grade 3,Final Grade,Course
C,C?,B,B,Spring2018CalcI
C,C,C,D,Spring2018CalcI
C,C,C,C,Spring2018CalcI
C+,C,D,D,Spring2018CalcI
F,F,F,F,Spring2018CalcI
C+,C,C,C,Spring2018CalcI
D,D,C,C-,Spring2018CalcI
C,C,C,C,Spring2018CalcI
F,F,D,D,Spring2018CalcI
B+,B,B,B,Spring2018CalcI
C,B,B,A,Spring2018CalcI
C,C,B,B,Spring2018CalcI
D,F,D,D,Spring2018CalcI
F,F,D,D,Spring2018CalcI
C,C,C,C,Spring2018CalcI
F,F,F,F,Spring2018CalcI
C,D,C,C,Spring2018CalcI
C,D,B-,B,Spring2018CalcI
C,C-,C,C,Spring2018CalcI
C,D,C,C,Spring2018CalcI
B,B,B,B,Spring2018CalcI
F,F,F,F,Spring2018CalcI
C,D,D,D,Spring2018CalcI
C,B,B,B-,Spring2018CalcI
F,F,F,F,Spring2018CalcI
F,F,F,F,Spring2018CalcI
D,D,W,W,Spring2018CalcI
F,D,C,C-,Spring2018CalcI
A,B+,B,B,Spring2018CalcI
B+,A-,B,A-,Spring2018CalcI
B-,C-,F,F,Spring2018CalcI
A-,B,C,C,Spring2017CalcII
A,A,A,A,Spring2017CalcII
C-,D,C,C-,Spring2017CalcII
C,C,C-,C-,Spring2017CalcII
B,B+,B,B,Spring2017CalcII
C,C,C,C,Spring2017CalcII
D,F,F,F,Spring2017CalcII
C-/C,C-/D,D/C-,D,Spring2017CalcII
B+,B,B-,C+,Spring2017CalcII
C,C,C,B,Spring2017CalcII
A-,A,B+,A-,Spring2017CalcII
D,D,D,D,Spring2017CalcII
C,C,C,C,Spring2017CalcII
B,B+,B,B,Spring2017CalcII
D,D/F,D,D,Spring2017CalcII
B,B+,B,B,Spring2017CalcII
F,F,F,D,Spring2017CalcII
B,B+,B,B+,Spring2017CalcII
A,A,A-,A-,Spring2017CalcII
C,C+,C,C,Spring2017CalcII
B-,B,C+,B,Spring2017CalcII
B,B,B,B,Spring2017CalcII
C,C-/D,D,D,Spring2017CalcII
D,D,D/F,D,Spring2017CalcII
B+,A-,B+,A,Spring2017CalcII
C,B,C,C,Spring2017CalcII
A,A-,A,A,Spring2017CalcII
C,C,C,B,Spring2017CalcII
F,F,F,F,Spring2017CalcII
D,D/F,F,F,Spring2017CalcII
B,A-,B+,B,Spring2017CalcII
B,B,C+,C,Spring2017CalcII
C-/C,C,C,C,Spring2017CalcII
B,B,B,B,Spring2017CalcII
C,C,C,C,Spring2017CalcII
B+,B+,B,B,Spring2017CalcII
B-,C,D,C,Spring2017CalcII
B,B,C,C,Spring2017CalcII
B-,B,B,B,Spring2017CalcII
B,B,B-,B,Spring2017CalcII
C,C,C,C,Spring2017CalcII
B,B,C+,C,Spring2017CalcII
B+,B+,B,B,Spring2017CalcII
B,B,B,B,Spring2017CalcII
C,D,D,D,Spring2017CalcII
A-,B+,C,A-,Spring2017CalcII
C-,D,D,C-,Spring2017CalcII
A-,A-,B+,A,Spring2017CalcII
C,C,C,C,Spring2017CalcII
B-,B,C,C+,Spring2017CalcII
C,C,C,C,Spring2017CalcII
A-,A/A-,A-,A,Spring2017CalcII
A-,A,A,A,Spring2017CalcII
B-,C+,B-,C,Spring2017CalcII
C,C,C,C,Spring2017CalcII
B,W,W,W,Fall2015CalcII
D,C,B-,B,Fall2015CalcII
A,B,B,A-,Fall2015CalcII
B,B-,B,B+,Fall2015CalcII
F,F,F,F,Fall2015CalcII
C,C,C,D,Fall2015CalcII
A,A,A,A,Fall2015CalcII
C,B,B,B,Fall2015CalcII
C,D,D,D,Fall2015CalcII
C,D,D,D,Fall2015CalcII
C,C,B-,B,Fall2015CalcII
C,C,C,C-,Fall2015CalcII
A,A-,A-,A,Fall2015CalcII
D,D,C,C-,Fall2015CalcII
B,B-,B,B,Fall2015CalcII
F,F,F,F,Fall2015CalcII
C,C,C,C,Fall2015CalcII
C,C-,C,C,Fall2015CalcII
D,B,B,B+,Fall2015CalcII
D,C-,D,D,Fall2015CalcII
C,C,C,C,Fall2015CalcII
C,C,B,B,Fall2015CalcII
B-,B,B,B,Fall2015CalcII
B,B,B,B+,Fall2015CalcII
C,C,C-/D+,C,Fall2015CalcII
A,A,A,A,Fall2015CalcII
C,C,C,C,Fall2015CalcII
A-,A-,A-,A,Spring2019CalcI
C+,B-/C+,B,C+,Spring2019CalcI
C,C,C,D,Spring2019CalcI
D,W,W,W,Spring2019CalcI
F,F,F,F,Spring2019CalcI
D,D,D,D,Spring2019CalcI
A-,B+,B,B,Spring2019CalcI
C,F,D,F,Spring2019CalcI
D,D,D,D,Spring2019CalcI
B,C,C,C,Spring2019CalcI
C,C,C,B-,Spring2019CalcI
D,D,D,F,Spring2019CalcI
B-,B,B,B,Spring2019CalcI
B,B-,B-,B,Spring2019CalcI
F,W,W,W,Spring2019CalcI
A,B+,B,B,Spring2019CalcI
F,F,F,F,Spring2019CalcI
D,D,D,D,Spring2019CalcI
B-,B,B,B,Spring2019CalcI
B,C,C,B,Spring2019CalcI
D,D,C-,C,Spring2019CalcI
C-,C,C,C,Spring2019CalcI
C,C,C-,C,Spring2019CalcI
C-,C,C-,C,Spring2019CalcI
D,F,F,F,Spring2019CalcI
D,D,C-,D,Spring2019CalcI
F,F,F,F,Spring2019CalcI
D,C-,D,D,Spring2019CalcI
F,D,F,F,Spring2019CalcI
C,C,C,C,Spring2019CalcI
B-,C,C,C,Spring2019CalcI
F,F,F,F,Spring2019CalcI
A,A,A,A,Spring2019CalcI
B,C,C,C,Spring2019CalcI
C,C,C,C,Spring2019CalcI
F,F,D,D,Spring2019CalcI
F,W,W,W,Spring2019CalcI
D,W,W,W,Spring2019CalcI
C,C,C,C,Spring2019CalcI
D,D,F,F,Spring2019CalcI
B+,B,B,B,Spring2019CalcI
C+,C,C/C+,B-,Spring2019CalcI
D,D,D,F,Spring2019CalcI
D,F,D,D,Spring2019CalcI
F,F,F,F,Spring2019CalcI
B+,B,B,B,Spring2019CalcI
C,C,D,D,Spring2019CalcI
C,C,C,C,Spring2019CalcI
D,C,C,D,Spring2019CalcI
B-,B,B,B,Spring2019CalcI
B,B,C,B,Spring2019CalcI
A,A,A,A,Spring2015CalcIII
A,B+,A,A,Spring2015CalcIII
A,B+,A,A-,Spring2015CalcIII
A-,A,A,A,Spring2015CalcIII
A-,C,B-,B,Spring2015CalcIII
A-/B+,A,A,A,Spring2015CalcIII
A-/B+,B,C+,C,Spring2015CalcIII
A-/B+,A,A,A,Spring2015CalcIII
A-/B+,B,B,B,Spring2015CalcIII
A-/B+,B+,A,A,Spring2015CalcIII
B+,B-,B,B,Spring2015CalcIII
B+,B+,B,B,Spring2015CalcIII
B+,B-,C,C,Spring2015CalcIII
B,B,B,B+,Spring2015CalcIII
B,A-/B+,A-,B+,Spring2015CalcIII
B,B,B+,A-,Spring2015CalcIII
B,B,B,B,Spring2015CalcIII
B,C,C,C,Spring2015CalcIII
B,B,B,B,Spring2015CalcIII
B,B,B,B,Spring2015CalcIII
B-,B,B,B,Spring2015CalcIII
B-,C+,B-,B,Spring2015CalcIII
B-,B,B,B,Spring2015CalcIII
B-,B-,B,B,Spring2015CalcIII
B-,C,C,C,Spring2015CalcIII
C+,C,C,C,Spring2015CalcIII
C+,C,C,C-,Spring2015CalcIII
C+,B,B,B,Spring2015CalcIII
C+,C,C,C,Spring2015CalcIII
C+,B-,B,B,Spring2015CalcIII
C,C,C,C,Spring2015CalcIII
C,C,B-,C,Spring2015CalcIII
C,C,D,C-,Spring2015CalcIII
C,D,C,C,Spring2015CalcIII
C,C,C,C,Spring2015CalcIII
C,C,C,C,Spring2015CalcIII
C,C,C,C,Spring2015CalcIII
C,B,B,B+,Spring2015CalcIII
C,C,C-,D,Spring2015CalcIII
C,C,W,W,Spring2015CalcIII
C,B-,C,C,Spring2015CalcIII
C,C,C-/D,D,Spring2015CalcIII
D/C-,C,C,C,Spring2015CalcIII
D,C,C,D,Spring2015CalcIII
D,C,C,C,Spring2015CalcIII
D,C,C,C,Spring2015CalcIII
D,C,C,C,Spring2015CalcIII
D/F,D,D,F,Spring2015CalcIII
F,D,F,F,Spring2015CalcIII
F,D,F/D,F,Spring2015CalcIII
F,F,F,F,Spring2015CalcIII
F,F,F,F,Spring2015CalcIII
B,C,C,B,Spring2015CalcIII
F,F,F,F,Spring2015CalcIII
F,F,W,W,Spring2015CalcIII
B,B,B,B,Fall2023CalcI
C+,C,C,C-,Fall2023CalcI
C+,C,C,C,Fall2023CalcI
B-,C,B-/C+,C,Fall2023CalcI
C-,C/C-,C-,C-,Fall2023CalcI
B+,B,B,B,Fall2023CalcI
C,B,C,C,Fall2023CalcI
A,A,A,A,Fall2023CalcI
A-,B+,A-/B+,A-,Fall2023CalcI
B,D,F,F,Fall2023CalcI
A,A,A,A,Fall2023CalcI
B,B,B,A,Fall2023CalcI
C,B,B,B,Spring2024CalcII
C,C,C,C,Spring2024CalcII
C,B-/C+,B,B,Spring2024CalcII
C,C,C,C,Spring2024CalcII
B,B,B,B,Spring2024CalcII
A,A,A,A,Spring2024CalcII
C,C,C,C,Spring2024CalcII
A,A,A,A,Spring2024CalcII
B,B,B,B,Spring2024CalcII
F,F,F,D,Spring2024CalcII
C,C,B,C,Spring2024CalcII
D,D,C,C,Spring2024CalcII
A,A,A,A,Spring2024CalcII
B+,A-,B,B,Spring2024CalcII
D,C,C,C,Spring2024CalcII
A,A-,A,A,Spring2024CalcII
D,F,F,F,Spring2024CalcII
B+,B,B,C,Spring2024CalcII
D,F,F,F,Spring2024CalcII
C,C,C,B,Spring2024CalcII
B,B,B,B,Spring2024CalcII
A-,A,A,A,Spring2024CalcII
C+,B,B,C,Spring2024CalcII
C-,C,C,C-,Spring2024CalcII
D,C,C,C-,Spring2024CalcII
B,B,C,C,Spring2024CalcII
B,B,B,C+,Spring2024CalcII
B,B,B,B,Spring2024CalcII
D,D,D,D,Spring2024CalcII
A,A,A,A,Spring2024CalcII
B,B,B,B,Spring2024CalcII
A,A,A,A,Spring2024CalcII
F,W,W,W,Spring2024CalcII
B-,B,B,B,Spring2024CalcII
F,W,W,W,Spring2024CalcII
B,B,B,B-,Spring2024CalcII
C,D,C,C,Spring2024CalcII
A,A,A,A,Spring2024CalcII
B,B,B,B,Spring2024CalcII
F,F,F,F,Spring2024CalcII
B,B,B,B-,Spring2024CalcII
C,C,B,C,Spring2024CalcII
B+,A-,B,B,Spring2024CalcII
A-,A,A,C,Spring2024CalcII
F,F,F,F,Spring2024CalcII
A-,A,A,A,Spring2024CalcII
C+,C,C,C,Spring2024CalcII
B,C ,B-,B-,Fall2018CalcI
D,F,F,F,Fall2018CalcI
D,C-,C-,D,Fall2018CalcI
D,D,F,F,Fall2018CalcI
F,F,F,F,Fall2018CalcI
C,C-,C,C,Fall2018CalcI
B,B,B-,B,Fall2018CalcI
F,W,W,W,Fall2018CalcI
F,W,W,W,Fall2018CalcI
B,C ,D,D,Fall2018CalcI
B,B-,B,B,Fall2018CalcI
A,A,A,A,Fall2018CalcI
F,F,W,W,Fall2018CalcI
A-,A-,B,B,Fall2018CalcI
C,C ,B,B,Fall2018CalcI
D,D,C,C,Fall2018CalcI
B,B,B,B,Fall2018CalcI
C+,C ,D,D,Fall2018CalcI
D,F,W,W,Fall2018CalcI
A-,A,A-,A,Fall2018CalcI
F,W,W,W,Fall2018CalcI
C+,C ,C,C,Fall2018CalcI
A-,A-,A-,A-,Fall2018CalcI
F,D,F,D,Fall2018CalcI
F,W,W,W,Fall2018CalcI
C,C ,C,C,Fall2018CalcI
C,C ,D,C,Fall2018CalcI
B-,D,D,D,Fall2018CalcI
D,D/F,F,F,Fall2018CalcI
A,A,A,A,Fall2016CalcII
A-,A,A-,A-,Fall2016CalcII
A-,A-,A-,A-,Fall2016CalcII
B+,B,A-/B+,A-,Fall2016CalcII
B,B,B,B,Fall2016CalcII
B,B,C+/B-,C,Fall2016CalcII
B,B+,A-,A,Fall2016CalcII
B,B,B/B+,B+,Fall2016CalcII
B,B,B,B,Fall2016CalcII
B-,B,B,B,Fall2016CalcII
C,B,B-,B-,Fall2016CalcII
C,B,B,B,Fall2016CalcII
C,C,C,C,Fall2016CalcII
C,B,B,B+,Fall2016CalcII
C,C,C-,C-,Fall2016CalcII
C,C+,C,B-,Fall2016CalcII
C,B-/C+,C,C,Fall2016CalcII
C,C,C+/B-,B,Fall2016CalcII
C-,B,B,B,Fall2016CalcII
C-/D,F,F,F,Fall2016CalcII
D,F,F,F,Fall2016CalcII
D/F,F,F,F,Fall2016CalcII
D/F,D,C-,C+,Fall2016CalcII
F,F,F,F,Fall2016CalcII
F,F,F,F,Fall2016CalcII
D,D,F,F,Fall2022CalcIII
C-,C,C,C-,Fall2022CalcIII
B,B,B,B,Fall2022CalcIII
C-/D+,C,C,C,Fall2022CalcIII
D,C-/D,C,C,Fall2022CalcIII
C,B,B,B,Fall2022CalcIII
B,C,C,C,Fall2022CalcIII
D,C,C,C,Fall2022CalcIII
A,A,A,A,Fall2022CalcIII
C,C,C,C,Fall2022CalcIII
B,B,B,B,Fall2022CalcIII
A,A,A,A,Fall2022CalcIII
C,B,B,B,Fall2022CalcIII
A,C,A,A,Fall2022CalcIII
F,D,C-,D,Fall2022CalcIII
A,A-,A-,A,Fall2022CalcIII
B,B,B,B,Fall2022CalcIII
A,A-,A-,A,Fall2022CalcIII
B,B,B,B,Fall2022CalcIII
B,B-,B,B,Fall2022CalcIII
D,D,D,D,Fall2022CalcIII
F,W,W,W,Fall2022CalcIII
C-/D+,B-,B-/C+,B,Fall2022CalcIII
A,A,A,A,Fall2022CalcIII
A,A,B,B+,Fall2022CalcIII
B,A,A,A,Fall2022CalcIII
D,C,C,C-,Fall2022CalcIII
A,A-,A-,A,Fall2022CalcIII
B,B-,B,B,Fall2022CalcIII
C,C,C,C,Fall2022CalcIII
A-,A-,B,B,Fall2022CalcIII
B-,C,C,C-,Fall2022CalcIII
C,C,C,C,Fall2022CalcIII
C,C-,C,C,Fall2022CalcIII
B,B-,C,C-,Fall2022CalcIII
A,A,A,A,Fall2022CalcIII
B/B-,C,B,B,Spring2025CalcI
B,B,B,B,Spring2025CalcI
A-,B+/A,A-,B,Spring2025CalcI
A,A,A,A,Spring2025CalcI
B/B-,C,B,B,Spring2025CalcI
B-,B-/C+,B,B,Spring2025CalcI
C,C-,C,C,Spring2025CalcI
B,D,D,D,Spring2025CalcI
C,C,B-,B,Spring2025CalcI
A,A,A,A,Spring2025CalcI
B/B-,B-/C+,B,B,Spring2025CalcI
D-,F,D,D,Spring2025CalcI
F,F,F,F,Spring2025CalcI
B,B/B+,B+,B,Spring2025CalcI
B,A/A-,A,A,Spring2025CalcI
F,W,W,W,Spring2025CalcI
F,W,W,W,Spring2025CalcI
A-,A,A,A,Spring2025CalcI
B/B-,B,B+,B,Spring2025CalcI
C-,C,C,C,Spring2025CalcI
B,B-/C+,C,C,Spring2025CalcI
B-,B,B,B-,Spring2025CalcI
F,W,W,W,Spring2025CalcI
C,C,B,B,Spring2025CalcI
F,W,W,W,Spring2025CalcI
F,W,W,W,Spring2025CalcI
C,B-/C+,C+,C+,Spring2025CalcI
B/B-,B,B,B,Spring2025CalcI
C,C-,F,F,Spring2025CalcI
A-,A,A,A,Spring2025CalcI
A,B,B,B,Spring2025CalcI
C,C,C,C,Spring2025CalcI
C,B,B,B-,Spring2025CalcI
F,W,W,W,Spring2025CalcI
B-/C+,C,B,B,Spring2025CalcI
F,D,D,D,Spring2025CalcI
B,B,B,C+,Spring2025CalcI
F,W,W,W,Spring2025CalcI
A,B+/A,B+,A-,Spring2025CalcI
C,B,B,B,Spring2025CalcI
D,D,D,D,Spring2025CalcI
B,C,C,C,Spring2025CalcI
A-,A,A,A,Spring2025CalcI
F,F,F,F,Spring2025CalcI
F,F,F,F,Spring2025CalcI
F,F,F,F,Spring2025CalcI
D-,F,F,D,Spring2025CalcI
C,F,F,F,Spring2025CalcI
A,A,A,A,Fall2019CalcI
A,A,A,A,Fall2019CalcI
A,B,B,B,Fall2019CalcI
A,B+,B,B,Fall2019CalcI
A,A,B+,BX,Fall2019CalcI
A-,A-/B+,A,A-,Fall2019CalcI
B+/B,B,B,B,Fall2019CalcI
B+/B,B+,A-,A,Fall2019CalcI
B,B,B,B,Fall2019CalcI
B,B-,B-,C,Fall2019CalcI
B,C,D,DX,Fall2019CalcI
B,B,B,B+,Fall2019CalcI
B-,C,C,C,Fall2019CalcI
B-/C+,C,D,D,Fall2019CalcI
C+,C,C,C,Fall2019CalcI
C+,C,D,F,Fall2019CalcI
C,C,B-,C,Fall2019CalcI
C,C+/B-,B-,C,Fall2019CalcI
C,C,B-,C+,Fall2019CalcI
C,C,C,C,Fall2019CalcI
C,D,D,D,Fall2019CalcI
C,F,F,F,Fall2019CalcI
C-/D,C-/D,C,D,Fall2019CalcI
C-/D,W,W,W,Fall2019CalcI
D,W,W,W,Fall2019CalcI
D,D,D,D,Fall2019CalcI
F,F,F,F,Fall2019CalcI
F,F,F,F,Fall2019CalcI
F,F,F,F,Fall2019CalcI
F,W,W,W,Fall2019CalcI
A,A,A,A-,Spring2016CalcI
A,A,B+,B+,Spring2016CalcI
A,A,A,A,Spring2016CalcI
A,A-,B+/B,B,Spring2016CalcI
A/A-,A-,A-,B,Spring2016CalcI
A/A-,B+,B,B,Spring2016CalcI
A-,B-,B,B-,Spring2016CalcI
B+,A-,A/A-,A,Spring2016CalcI
B,B,B,B,Spring2016CalcI
B,B,B,B,Spring2016CalcI
B,B,B-,B,Spring2016CalcI
B,C+/B-,B,B,Spring2016CalcI
B,B,B,B,Spring2016CalcI
B-,C+,D/C-,D,Spring2016CalcI
C+,C,C,C,Spring2016CalcI
C,C+,B-,C+,Spring2016CalcI
C,B,B,B,Spring2016CalcI
C,C,C,C,Spring2016CalcI
C,C+/B-,B-,C+,Spring2016CalcI
C,C+,C,D,Spring2016CalcI
C,C,C,C,Spring2016CalcI
C,C-,C,C-,Spring2016CalcI
C-/D,C,C,D,Spring2016CalcI
C-/D,D,D,D,Spring2016CalcI
C-/D,D/F,D,D,Spring2016CalcI
D,C-/D,C,C-,Spring2016CalcI
D,D,D,D,Spring2016CalcI
D,W,W,W,Spring2016CalcI
F,C-/D,C,C,Spring2016CalcI
F,F,F,F,Spring2016CalcI
A,A,A,A,Fall2021CalcI
B+,A,B,A-,Fall2021CalcI
B,B,B,B+,Fall2021CalcI
C-,D,F,F,Fall2021CalcI
A,A,A,A,Fall2021CalcI
C-,D,D,F,Fall2021CalcI
C,C,C-,C-,Fall2021CalcI
B+,A-/B+,B,B,Fall2021CalcI
B+,B,B,B-,Fall2021CalcI
A,A,A,A,Fall2021CalcI
C-,C,C,C,Fall2021CalcI
A,A,A,A,Fall2021CalcI
A,A,A,A,Fall2021CalcI
A,A,A,A,Fall2021CalcI
B,B,B-/C+,C+,Fall2021CalcI
A,A-,B,A-,Fall2021CalcI
A,A,B,B+,Fall2021CalcI
B,B-/C+,C,C,Fall2021CalcI
B,B,B,B-,Fall2021CalcI
C,D,D,D,Fall2021CalcI
F,F,F,F,Fall2021CalcI
C,C-,D,D,Fall2021CalcI
B,B,B,B,Fall2021CalcI
F,F,F,F,Fall2021CalcI
C,B-/C+,C,C+,Fall2021CalcI
B+,B,B,B,Fall2014CalcI
F,F,F,F,Fall2014CalcI
A-,B,B,B,Fall2014CalcI
A-,A-,A-,A-,Fall2014CalcI
D/F,F,F,F,Fall2014CalcI
A-,B,B+,B,Fall2014CalcI
C-,C,D,F,Fall2014CalcI
B,A-,A,A,Fall2014CalcI
C,C,D,C,Fall2014CalcI
B-/C+,B,B,B,Fall2014CalcI
B-/C+,B,B,B,Fall2014CalcI
F,F,F,F,Fall2014CalcI
A,A,A,A,Fall2014CalcI
B,B,B,B,Fall2014CalcI
D,D/C--,D,D,Fall2014CalcI
C+,C,C,C+,Fall2014CalcI
F,F,F,F,Fall2014CalcI
B,B-,C,C,Fall2014CalcI
F,D,C,C,Fall2014CalcI
C,C,D,D,Fall2014CalcI
B,B-/C+,B,B,Fall2014CalcI
C,C+,B,B,Fall2014CalcI
D,C,C,C-,Fall2014CalcI
D,D,D,F,Fall2014CalcI
D,B,B,B,Fall2014CalcI
C,F,W,W,Fall2014CalcI
D,C,B,B,Fall2014CalcI
C,C,D,C,Fall2014CalcI
F,D,D,D,Fall2014CalcI
C,C,C,C,Fall2014CalcI
D,C,C-,C,Fall2014CalcI
D,C,C,C,Fall2014CalcI
C,B-/C+,C+,C+,Fall2014CalcI
D/F,C-,D,F,Fall2014CalcI
C,D/C--,D,C,Fall2014CalcI
B,B,B,B,Fall2014CalcI
A-,A,A,A,Fall2014CalcI
D,C,B-,C,Fall2014CalcI
B-/C+,C,C,B-,Fall2014CalcI
B,B,B,B,Fall2014CalcI
C,B,B,B,Fall2014CalcI
C,D,D,D,Fall2014CalcI
C,C,C,C,Fall2014CalcI
F,F,F,F,Fall2014CalcI
B,B,W,W,Fall2014CalcI
D,F,W,W,Fall2014CalcI
C+,C,C,C,Fall2014CalcI
B-/C+,C,C,C,Fall2014CalcI
B,B,B,B,Fall2014CalcI
B,B,B,B,Fall2014CalcI
B,B,B,B,Fall2014CalcI
F,F,F,F,Fall2014CalcI
C,C,C,C,Fall2014CalcI
C,C,C,C,Fall2014CalcI
C-,C,C,D,Fall2014CalcI
